,counter,col_selection,HISTORY,STEP_FACTOR,LEVEL,WAVELET,OPEN_END,DEPTH,LSTM1,FILTERS1,KERNEL_SIZE1,PADDING1,DILATION_RATE1,ACTIVATION1,CONV2,POOL_SIZE1,CONV_POOL2,DENSE_UNITS,DROPOUT,ACTIVATION2,OPTIMIZER,mse,mae,mre_3,train_samples,test_samples,train_time
0,0,[],3,1,0,haar,False,1,70,64,5,same,1,relu,True,5,False,100,0.2,relu,Adam,0.008357821851155129,0.04588067015267173,0.030293786643680244,9149,5070,772.35
1,1,"['FF_10M_10', 'DD_10_sin', 'DD_10_cos', 'DDN_10_sin', 'DDN_10_cos', 'DD_STD_10_sin', 'DD_STD_10_cos', 'DDX_10_sin', 'DDX_10_cos', 'FF_SENSOR_10', 'FF_10M_STD_10', 'FX_SENSOR_10']",3,1,0,haar,False,1,70,64,5,same,1,relu,True,5,False,100,0.2,relu,Adam,0.008773451841035462,0.046952728065399255,0.031047622076907224,8944,5061,746.71
2,2,"['Q_GLOB_10', 'QN_GLOB_10', 'QX_GLOB_10', 'SQ_10']",3,1,0,haar,False,1,70,64,5,same,1,relu,True,5,False,100,0.2,relu,Adam,0.007333802406282972,0.043285820715025757,0.028294654749428896,8937,5058,726.01
3,3,"['FF_10M_10', 'DD_10_sin', 'DD_10_cos', 'DDN_10_sin', 'DDN_10_cos', 'DD_STD_10_sin', 'DD_STD_10_cos', 'DDX_10_sin', 'DDX_10_cos', 'FF_SENSOR_10', 'FF_10M_STD_10', 'FX_SENSOR_10', 'Q_GLOB_10', 'QN_GLOB_10', 'QX_GLOB_10', 'SQ_10']",3,1,0,haar,False,1,70,64,5,same,1,relu,True,5,False,100,0.2,relu,Adam,0.007538212663164873,0.045337842062997166,0.02961241268700682,8919,5058,753.3
4,4,[],3,1,0,haar,False,1,100,64,5,same,1,relu,True,5,False,100,0.2,relu,Adam,0.008555279297848904,0.047789958804933017,0.03152317804933808,9149,5070,759.0
5,5,"['FF_10M_10', 'DD_10_sin', 'DD_10_cos', 'DDN_10_sin', 'DDN_10_cos', 'DD_STD_10_sin', 'DD_STD_10_cos', 'DDX_10_sin', 'DDX_10_cos', 'FF_SENSOR_10', 'FF_10M_STD_10', 'FX_SENSOR_10']",3,1,0,haar,False,1,100,64,5,same,1,relu,True,5,False,100,0.2,relu,Adam,0.008676135246577663,0.04836721107027536,0.03204001913793743,8944,5061,768.63
6,6,"['Q_GLOB_10', 'QN_GLOB_10', 'QX_GLOB_10', 'SQ_10']",3,1,0,haar,False,1,100,64,5,same,1,relu,True,5,False,100,0.2,relu,Adam,0.007371573272321181,0.04331988434876557,0.028318775109945887,8937,5058,745.92
7,7,"['FF_10M_10', 'DD_10_sin', 'DD_10_cos', 'DDN_10_sin', 'DDN_10_cos', 'DD_STD_10_sin', 'DD_STD_10_cos', 'DDX_10_sin', 'DDX_10_cos', 'FF_SENSOR_10', 'FF_10M_STD_10', 'FX_SENSOR_10', 'Q_GLOB_10', 'QN_GLOB_10', 'QX_GLOB_10', 'SQ_10']",3,1,0,haar,False,1,100,64,5,same,1,relu,True,5,False,100,0.2,relu,Adam,0.007513119095451288,0.045727068993292895,0.029912379767870277,8919,5058,776.9
8,8,[],3,1,0,haar,False,1,130,64,5,same,1,relu,True,5,False,100,0.2,relu,Adam,0.008419186325079406,0.04757507526862105,0.031438010477079545,9149,5070,808.03
9,9,"['FF_10M_10', 'DD_10_sin', 'DD_10_cos', 'DDN_10_sin', 'DDN_10_cos', 'DD_STD_10_sin', 'DD_STD_10_cos', 'DDX_10_sin', 'DDX_10_cos', 'FF_SENSOR_10', 'FF_10M_STD_10', 'FX_SENSOR_10']",3,1,0,haar,False,1,130,64,5,same,1,relu,True,5,False,100,0.2,relu,Adam,0.008963291054260886,0.04808391728267038,0.03181089488162781,8944,5061,825.69
10,10,"['Q_GLOB_10', 'QN_GLOB_10', 'QX_GLOB_10', 'SQ_10']",3,1,0,haar,False,1,130,64,5,same,1,relu,True,5,False,100,0.2,relu,Adam,0.007356599386173834,0.04445371701657483,0.02891234823901292,8937,5058,805.27
11,11,"['FF_10M_10', 'DD_10_sin', 'DD_10_cos', 'DDN_10_sin', 'DDN_10_cos', 'DD_STD_10_sin', 'DD_STD_10_cos', 'DDX_10_sin', 'DDX_10_cos', 'FF_SENSOR_10', 'FF_10M_STD_10', 'FX_SENSOR_10', 'Q_GLOB_10', 'QN_GLOB_10', 'QX_GLOB_10', 'SQ_10']",3,1,0,haar,False,1,130,64,5,same,1,relu,True,5,False,100,0.2,relu,Adam,0.007598756812172792,0.045574605665642746,0.029804361417828683,8919,5058,829.47
12,12,[],3,1,1,haar,False,1,70,64,5,same,1,relu,True,5,False,100,0.2,relu,Adam,0.00846202252072031,0.0469703933434408,0.03095500084852149,9149,5070,1016.74
13,13,"['FF_10M_10', 'DD_10_sin', 'DD_10_cos', 'DDN_10_sin', 'DDN_10_cos', 'DD_STD_10_sin', 'DD_STD_10_cos', 'DDX_10_sin', 'DDX_10_cos', 'FF_SENSOR_10', 'FF_10M_STD_10', 'FX_SENSOR_10']",3,1,1,haar,False,1,70,64,5,same,1,relu,True,5,False,100,0.2,relu,Adam,0.008920450014078343,0.048985187853665194,0.03232905164738861,8944,5061,1051.62
14,14,"['Q_GLOB_10', 'QN_GLOB_10', 'QX_GLOB_10', 'SQ_10']",3,1,1,haar,False,1,70,64,5,same,1,relu,True,5,False,100,0.2,relu,Adam,0.007448367351378852,0.04434777931457078,0.028865217937748575,8937,5058,1013.44
15,15,"['FF_10M_10', 'DD_10_sin', 'DD_10_cos', 'DDN_10_sin', 'DDN_10_cos', 'DD_STD_10_sin', 'DD_STD_10_cos', 'DDX_10_sin', 'DDX_10_cos', 'FF_SENSOR_10', 'FF_10M_STD_10', 'FX_SENSOR_10', 'Q_GLOB_10', 'QN_GLOB_10', 'QX_GLOB_10', 'SQ_10']",3,1,1,haar,False,1,70,64,5,same,1,relu,True,5,False,100,0.2,relu,Adam,0.007570655613369916,0.045071283573370896,0.02942990433288071,8919,5058,1047.7
16,16,[],3,1,1,haar,False,1,100,64,5,same,1,relu,True,5,False,100,0.2,relu,Adam,0.00863012166939036,0.04720883926567321,0.031069060219006916,9149,5070,1021.81
17,17,"['FF_10M_10', 'DD_10_sin', 'DD_10_cos', 'DDN_10_sin', 'DDN_10_cos', 'DD_STD_10_sin', 'DD_STD_10_cos', 'DDX_10_sin', 'DDX_10_cos', 'FF_SENSOR_10', 'FF_10M_STD_10', 'FX_SENSOR_10']",3,1,1,haar,False,1,100,64,5,same,1,relu,True,5,False,100,0.2,relu,Adam,0.008947020783980296,0.048484306267635335,0.03200639755883424,8944,5061,1048.58
18,18,"['Q_GLOB_10', 'QN_GLOB_10', 'QX_GLOB_10', 'SQ_10']",3,1,1,haar,False,1,100,64,5,same,1,relu,True,5,False,100,0.2,relu,Adam,0.007552641544779344,0.04538538432701493,0.029648577173642342,8937,5058,1042.2
19,19,"['FF_10M_10', 'DD_10_sin', 'DD_10_cos', 'DDN_10_sin', 'DDN_10_cos', 'DD_STD_10_sin', 'DD_STD_10_cos', 'DDX_10_sin', 'DDX_10_cos', 'FF_SENSOR_10', 'FF_10M_STD_10', 'FX_SENSOR_10', 'Q_GLOB_10', 'QN_GLOB_10', 'QX_GLOB_10', 'SQ_10']",3,1,1,haar,False,1,100,64,5,same,1,relu,True,5,False,100,0.2,relu,Adam,0.007539323200610177,0.046124046141770916,0.030080771553243214,8919,5058,1178.05
20,20,[],3,1,1,haar,False,1,130,64,5,same,1,relu,True,5,False,100,0.2,relu,Adam,0.008891948233379125,0.048670175172029484,0.03217879102158378,9149,5070,1174.44
21,21,"['FF_10M_10', 'DD_10_sin', 'DD_10_cos', 'DDN_10_sin', 'DDN_10_cos', 'DD_STD_10_sin', 'DD_STD_10_cos', 'DDX_10_sin', 'DDX_10_cos', 'FF_SENSOR_10', 'FF_10M_STD_10', 'FX_SENSOR_10']",3,1,1,haar,False,1,130,64,5,same,1,relu,True,5,False,100,0.2,relu,Adam,0.008960472346576705,0.04961201776940382,0.03279060637397617,8944,5061,1126.99
22,22,"['Q_GLOB_10', 'QN_GLOB_10', 'QX_GLOB_10', 'SQ_10']",3,1,1,haar,False,1,130,64,5,same,1,relu,True,5,False,100,0.2,relu,Adam,0.007548333809227852,0.04547713075467754,0.029630675142307134,8937,5058,1072.99
23,23,"['FF_10M_10', 'DD_10_sin', 'DD_10_cos', 'DDN_10_sin', 'DDN_10_cos', 'DD_STD_10_sin', 'DD_STD_10_cos', 'DDX_10_sin', 'DDX_10_cos', 'FF_SENSOR_10', 'FF_10M_STD_10', 'FX_SENSOR_10', 'Q_GLOB_10', 'QN_GLOB_10', 'QX_GLOB_10', 'SQ_10']",3,1,1,haar,False,1,130,64,5,same,1,relu,True,5,False,100,0.2,relu,Adam,0.007739565016789125,0.0452094773147923,0.029568703511499598,8919,5058,1105.68
24,24,[],3,1,2,haar,False,1,70,64,5,same,1,relu,True,5,False,100,0.2,relu,Adam,0.009237747493868461,0.04973093382019955,0.032718511461410506,9149,5070,1326.58
25,25,"['FF_10M_10', 'DD_10_sin', 'DD_10_cos', 'DDN_10_sin', 'DDN_10_cos', 'DD_STD_10_sin', 'DD_STD_10_cos', 'DDX_10_sin', 'DDX_10_cos', 'FF_SENSOR_10', 'FF_10M_STD_10', 'FX_SENSOR_10']",3,1,2,haar,False,1,70,64,5,same,1,relu,True,5,False,100,0.2,relu,Adam,0.00939274049682905,0.050232018089871884,0.03306983811900314,8944,5061,1327.32
26,26,"['Q_GLOB_10', 'QN_GLOB_10', 'QX_GLOB_10', 'SQ_10']",3,1,2,haar,False,1,70,64,5,same,1,relu,True,5,False,100,0.2,relu,Adam,0.00806074437153911,0.047189607243496176,0.0307074119260747,8937,5058,1304.68
27,27,"['FF_10M_10', 'DD_10_sin', 'DD_10_cos', 'DDN_10_sin', 'DDN_10_cos', 'DD_STD_10_sin', 'DD_STD_10_cos', 'DDX_10_sin', 'DDX_10_cos', 'FF_SENSOR_10', 'FF_10M_STD_10', 'FX_SENSOR_10', 'Q_GLOB_10', 'QN_GLOB_10', 'QX_GLOB_10', 'SQ_10']",3,1,2,haar,False,1,70,64,5,same,1,relu,True,5,False,100,0.2,relu,Adam,0.00823016913063895,0.04809969246527061,0.031243659662013964,8919,5058,1331.54
28,28,[],3,1,2,haar,False,1,100,64,5,same,1,relu,True,5,False,100,0.2,relu,Adam,0.009189811464162208,0.05056259587981372,0.03321455208405173,9149,5070,3076.26
29,29,"['FF_10M_10', 'DD_10_sin', 'DD_10_cos', 'DDN_10_sin', 'DDN_10_cos', 'DD_STD_10_sin', 'DD_STD_10_cos', 'DDX_10_sin', 'DDX_10_cos', 'FF_SENSOR_10', 'FF_10M_STD_10', 'FX_SENSOR_10']",3,1,2,haar,False,1,100,64,5,same,1,relu,True,5,False,100,0.2,relu,Adam,0.009664656135403654,0.05131702715326021,0.033911432281735536,8944,5061,1335.03
30,30,"['Q_GLOB_10', 'QN_GLOB_10', 'QX_GLOB_10', 'SQ_10']",3,1,2,haar,False,1,100,64,5,same,1,relu,True,5,False,100,0.2,relu,Adam,0.00792377928535649,0.04676647466724084,0.030323593787602483,8937,5058,1324.39
31,31,"['FF_10M_10', 'DD_10_sin', 'DD_10_cos', 'DDN_10_sin', 'DDN_10_cos', 'DD_STD_10_sin', 'DD_STD_10_cos', 'DDX_10_sin', 'DDX_10_cos', 'FF_SENSOR_10', 'FF_10M_STD_10', 'FX_SENSOR_10', 'Q_GLOB_10', 'QN_GLOB_10', 'QX_GLOB_10', 'SQ_10']",3,1,2,haar,False,1,100,64,5,same,1,relu,True,5,False,100,0.2,relu,Adam,0.00806641135787762,0.048234120367906363,0.03140277812977226,8919,5058,1334.96
32,32,[],3,1,2,haar,False,1,130,64,5,same,1,relu,True,5,False,100,0.2,relu,Adam,0.009123939526710758,0.04995447068075494,0.032779879911780614,9149,5070,1364.88
33,33,"['FF_10M_10', 'DD_10_sin', 'DD_10_cos', 'DDN_10_sin', 'DDN_10_cos', 'DD_STD_10_sin', 'DD_STD_10_cos', 'DDX_10_sin', 'DDX_10_cos', 'FF_SENSOR_10', 'FF_10M_STD_10', 'FX_SENSOR_10']",3,1,2,haar,False,1,130,64,5,same,1,relu,True,5,False,100,0.2,relu,Adam,0.009639542363267615,0.05089798350118943,0.033550396371439944,8944,5061,1385.92
34,34,"['Q_GLOB_10', 'QN_GLOB_10', 'QX_GLOB_10', 'SQ_10']",3,1,2,haar,False,1,130,64,5,same,1,relu,True,5,False,100,0.2,relu,Adam,0.008112665966173278,0.04911142402594374,0.031905334679454035,8937,5058,1344.56
35,35,"['FF_10M_10', 'DD_10_sin', 'DD_10_cos', 'DDN_10_sin', 'DDN_10_cos', 'DD_STD_10_sin', 'DD_STD_10_cos', 'DDX_10_sin', 'DDX_10_cos', 'FF_SENSOR_10', 'FF_10M_STD_10', 'FX_SENSOR_10', 'Q_GLOB_10', 'QN_GLOB_10', 'QX_GLOB_10', 'SQ_10']",3,1,2,haar,False,1,130,64,5,same,1,relu,True,5,False,100,0.2,relu,Adam,0.008174704847328842,0.04869160723389378,0.03169698160346037,8919,5058,1367.33
36,36,[],3,1,3,haar,False,1,70,64,5,same,1,relu,True,5,False,100,0.2,relu,Adam,0.020255645231230246,0.08440682620550519,0.056787137036060406,9149,5070,1635.24
37,37,"['FF_10M_10', 'DD_10_sin', 'DD_10_cos', 'DDN_10_sin', 'DDN_10_cos', 'DD_STD_10_sin', 'DD_STD_10_cos', 'DDX_10_sin', 'DDX_10_cos', 'FF_SENSOR_10', 'FF_10M_STD_10', 'FX_SENSOR_10']",3,1,3,haar,False,1,70,64,5,same,1,relu,True,5,False,100,0.2,relu,Adam,0.02085427289330297,0.08622018980029136,0.05805188126043779,8944,5061,1645.26
38,38,"['Q_GLOB_10', 'QN_GLOB_10', 'QX_GLOB_10', 'SQ_10']",3,1,3,haar,False,1,70,64,5,same,1,relu,True,5,False,100,0.2,relu,Adam,0.019933521061439308,0.08546964801789521,0.05726611892828639,8937,5058,1636.73
39,39,"['FF_10M_10', 'DD_10_sin', 'DD_10_cos', 'DDN_10_sin', 'DDN_10_cos', 'DD_STD_10_sin', 'DD_STD_10_cos', 'DDX_10_sin', 'DDX_10_cos', 'FF_SENSOR_10', 'FF_10M_STD_10', 'FX_SENSOR_10', 'Q_GLOB_10', 'QN_GLOB_10', 'QX_GLOB_10', 'SQ_10']",3,1,3,haar,False,1,70,64,5,same,1,relu,True,5,False,100,0.2,relu,Adam,0.019674687238602453,0.08471318502074635,0.05677090329197481,8919,5058,1658.83
40,40,[],3,1,3,haar,False,1,100,64,5,same,1,relu,True,5,False,100,0.2,relu,Adam,0.020388757766901397,0.0844509522525135,0.05677467135110296,9149,5070,1629.02
41,41,"['FF_10M_10', 'DD_10_sin', 'DD_10_cos', 'DDN_10_sin', 'DDN_10_cos', 'DD_STD_10_sin', 'DD_STD_10_cos', 'DDX_10_sin', 'DDX_10_cos', 'FF_SENSOR_10', 'FF_10M_STD_10', 'FX_SENSOR_10']",3,1,3,haar,False,1,100,64,5,same,1,relu,True,5,False,100,0.2,relu,Adam,0.02021466751229371,0.0838418099773098,0.05645280153821617,8944,5061,1642.31
42,42,"['Q_GLOB_10', 'QN_GLOB_10', 'QX_GLOB_10', 'SQ_10']",3,1,3,haar,False,1,100,64,5,same,1,relu,True,5,False,100,0.2,relu,Adam,0.019343142298465073,0.0834020792120149,0.055782031031853786,8937,5058,1606.85
43,43,"['FF_10M_10', 'DD_10_sin', 'DD_10_cos', 'DDN_10_sin', 'DDN_10_cos', 'DD_STD_10_sin', 'DD_STD_10_cos', 'DDX_10_sin', 'DDX_10_cos', 'FF_SENSOR_10', 'FF_10M_STD_10', 'FX_SENSOR_10', 'Q_GLOB_10', 'QN_GLOB_10', 'QX_GLOB_10', 'SQ_10']",3,1,3,haar,False,1,100,64,5,same,1,relu,True,5,False,100,0.2,relu,Adam,0.01911879032559874,0.08315833036436283,0.05571917774672838,8919,5058,1631.72
44,44,[],3,1,3,haar,False,1,130,64,5,same,1,relu,True,5,False,100,0.2,relu,Adam,0.02023874430528818,0.08445854486520976,0.05682354293509386,9149,5070,1655.43
45,45,"['FF_10M_10', 'DD_10_sin', 'DD_10_cos', 'DDN_10_sin', 'DDN_10_cos', 'DD_STD_10_sin', 'DD_STD_10_cos', 'DDX_10_sin', 'DDX_10_cos', 'FF_SENSOR_10', 'FF_10M_STD_10', 'FX_SENSOR_10']",3,1,3,haar,False,1,130,64,5,same,1,relu,True,5,False,100,0.2,relu,Adam,0.020810569721609593,0.08565839666564873,0.05774505415226064,8944,5061,1668.11
46,46,"['Q_GLOB_10', 'QN_GLOB_10', 'QX_GLOB_10', 'SQ_10']",3,1,3,haar,False,1,130,64,5,same,1,relu,True,5,False,100,0.2,relu,Adam,0.01952205991142262,0.0845344248934335,0.056645581520829526,8937,5058,1656.04
47,47,"['FF_10M_10', 'DD_10_sin', 'DD_10_cos', 'DDN_10_sin', 'DDN_10_cos', 'DD_STD_10_sin', 'DD_STD_10_cos', 'DDX_10_sin', 'DDX_10_cos', 'FF_SENSOR_10', 'FF_10M_STD_10', 'FX_SENSOR_10', 'Q_GLOB_10', 'QN_GLOB_10', 'QX_GLOB_10', 'SQ_10']",3,1,3,haar,False,1,130,64,5,same,1,relu,True,5,False,100,0.2,relu,Adam,0.019581028704115818,0.08477391712866199,0.05682312161256981,8919,5058,1652.92
48,48,[],3,1,4,haar,False,1,70,64,5,same,1,relu,True,5,False,100,0.2,relu,Adam,0.020136528383172436,0.08548529288720005,0.057564526090928554,9149,5070,1911.25
49,49,"['FF_10M_10', 'DD_10_sin', 'DD_10_cos', 'DDN_10_sin', 'DDN_10_cos', 'DD_STD_10_sin', 'DD_STD_10_cos', 'DDX_10_sin', 'DDX_10_cos', 'FF_SENSOR_10', 'FF_10M_STD_10', 'FX_SENSOR_10']",3,1,4,haar,False,1,70,64,5,same,1,relu,True,5,False,100,0.2,relu,Adam,0.020510914965483004,0.08492911851147522,0.05726152573510646,8944,5061,1927.74
50,50,"['Q_GLOB_10', 'QN_GLOB_10', 'QX_GLOB_10', 'SQ_10']",3,1,4,haar,False,1,70,64,5,same,1,relu,True,5,False,100,0.2,relu,Adam,0.01948125117560527,0.08568896750022684,0.0575612128633197,8937,5058,1890.11
51,51,"['FF_10M_10', 'DD_10_sin', 'DD_10_cos', 'DDN_10_sin', 'DDN_10_cos', 'DD_STD_10_sin', 'DD_STD_10_cos', 'DDX_10_sin', 'DDX_10_cos', 'FF_SENSOR_10', 'FF_10M_STD_10', 'FX_SENSOR_10', 'Q_GLOB_10', 'QN_GLOB_10', 'QX_GLOB_10', 'SQ_10']",3,1,4,haar,False,1,70,64,5,same,1,relu,True,5,False,100,0.2,relu,Adam,0.019381708505571086,0.0831935153196656,0.05593345515545355,8919,5058,1928.1
52,52,[],3,1,4,haar,False,1,100,64,5,same,1,relu,True,5,False,100,0.2,relu,Adam,0.020799566023914355,0.08585687576840517,0.05785154748782363,9149,5070,1917.13
53,53,"['FF_10M_10', 'DD_10_sin', 'DD_10_cos', 'DDN_10_sin', 'DDN_10_cos', 'DD_STD_10_sin', 'DD_STD_10_cos', 'DDX_10_sin', 'DDX_10_cos', 'FF_SENSOR_10', 'FF_10M_STD_10', 'FX_SENSOR_10']",3,1,4,haar,False,1,100,64,5,same,1,relu,True,5,False,100,0.2,relu,Adam,0.020270653198605833,0.08436899784307621,0.05684639257556653,8944,5061,1909.98
54,54,"['Q_GLOB_10', 'QN_GLOB_10', 'QX_GLOB_10', 'SQ_10']",3,1,4,haar,False,1,100,64,5,same,1,relu,True,5,False,100,0.2,relu,Adam,0.020234677893984067,0.08840535419340537,0.059405290572649344,8937,5058,1891.41
55,55,"['FF_10M_10', 'DD_10_sin', 'DD_10_cos', 'DDN_10_sin', 'DDN_10_cos', 'DD_STD_10_sin', 'DD_STD_10_cos', 'DDX_10_sin', 'DDX_10_cos', 'FF_SENSOR_10', 'FF_10M_STD_10', 'FX_SENSOR_10', 'Q_GLOB_10', 'QN_GLOB_10', 'QX_GLOB_10', 'SQ_10']",3,1,4,haar,False,1,100,64,5,same,1,relu,True,5,False,100,0.2,relu,Adam,0.019774501939942662,0.08617018528944168,0.057968577466968256,8919,5058,1920.45
56,56,[],3,1,4,haar,False,1,130,64,5,same,1,relu,True,5,False,100,0.2,relu,Adam,0.0204849526348879,0.08602692759803063,0.05800429258922593,9149,5070,1938.04
57,57,"['FF_10M_10', 'DD_10_sin', 'DD_10_cos', 'DDN_10_sin', 'DDN_10_cos', 'DD_STD_10_sin', 'DD_STD_10_cos', 'DDX_10_sin', 'DDX_10_cos', 'FF_SENSOR_10', 'FF_10M_STD_10', 'FX_SENSOR_10']",3,1,4,haar,False,1,130,64,5,same,1,relu,True,5,False,100,0.2,relu,Adam,0.020469829383993735,0.08539529776447488,0.05757573101766809,8944,5061,1952.45
58,58,"['Q_GLOB_10', 'QN_GLOB_10', 'QX_GLOB_10', 'SQ_10']",3,1,4,haar,False,1,130,64,5,same,1,relu,True,5,False,100,0.2,relu,Adam,0.0193545483719569,0.08497424569750718,0.05700706426105778,8937,5058,1929.77
59,59,"['FF_10M_10', 'DD_10_sin', 'DD_10_cos', 'DDN_10_sin', 'DDN_10_cos', 'DD_STD_10_sin', 'DD_STD_10_cos', 'DDX_10_sin', 'DDX_10_cos', 'FF_SENSOR_10', 'FF_10M_STD_10', 'FX_SENSOR_10', 'Q_GLOB_10', 'QN_GLOB_10', 'QX_GLOB_10', 'SQ_10']",3,1,4,haar,False,1,130,64,5,same,1,relu,True,5,False,100,0.2,relu,Adam,0.01991620226700909,0.0862088634363189,0.05794830774371509,8919,5058,1948.57
60,60,[],5,1,0,haar,False,1,70,64,5,same,1,relu,True,5,False,100,0.2,relu,Adam,0.00839903019804179,0.04609441473507395,0.030393793079314044,8905,5056,1030.87
61,61,"['FF_10M_10', 'DD_10_sin', 'DD_10_cos', 'DDN_10_sin', 'DDN_10_cos', 'DD_STD_10_sin', 'DD_STD_10_cos', 'DDX_10_sin', 'DDX_10_cos', 'FF_SENSOR_10', 'FF_10M_STD_10', 'FX_SENSOR_10']",5,1,0,haar,False,1,70,64,5,same,1,relu,True,5,False,100,0.2,relu,Adam,0.008695436904471575,0.049326049297055724,0.03259041240709553,8697,5045,1052.04
62,62,"['Q_GLOB_10', 'QN_GLOB_10', 'QX_GLOB_10', 'SQ_10']",5,1,0,haar,False,1,70,64,5,same,1,relu,True,5,False,100,0.2,relu,Adam,0.007334991316998145,0.04285380206254487,0.02797386260384393,8690,5040,1015.25
63,63,"['FF_10M_10', 'DD_10_sin', 'DD_10_cos', 'DDN_10_sin', 'DDN_10_cos', 'DD_STD_10_sin', 'DD_STD_10_cos', 'DDX_10_sin', 'DDX_10_cos', 'FF_SENSOR_10', 'FF_10M_STD_10', 'FX_SENSOR_10', 'Q_GLOB_10', 'QN_GLOB_10', 'QX_GLOB_10', 'SQ_10']",5,1,0,haar,False,1,70,64,5,same,1,relu,True,5,False,100,0.2,relu,Adam,0.007435611141662993,0.04314198699119271,0.02813968035717699,8670,5040,1049.55
64,64,[],5,1,0,haar,False,1,100,64,5,same,1,relu,True,5,False,100,0.2,relu,Adam,0.008461519009134597,0.046903310339691535,0.030984846410550302,8905,5056,1070.72
65,65,"['FF_10M_10', 'DD_10_sin', 'DD_10_cos', 'DDN_10_sin', 'DDN_10_cos', 'DD_STD_10_sin', 'DD_STD_10_cos', 'DDX_10_sin', 'DDX_10_cos', 'FF_SENSOR_10', 'FF_10M_STD_10', 'FX_SENSOR_10']",5,1,0,haar,False,1,100,64,5,same,1,relu,True,5,False,100,0.2,relu,Adam,0.008944854027866182,0.04911227765388035,0.03266818553699545,8697,5045,1090.24
66,66,"['Q_GLOB_10', 'QN_GLOB_10', 'QX_GLOB_10', 'SQ_10']",5,1,0,haar,False,1,100,64,5,same,1,relu,True,5,False,100,0.2,relu,Adam,0.007296304232265784,0.04328660925424788,0.028243526781829956,8690,5040,1052.69
67,67,"['FF_10M_10', 'DD_10_sin', 'DD_10_cos', 'DDN_10_sin', 'DDN_10_cos', 'DD_STD_10_sin', 'DD_STD_10_cos', 'DDX_10_sin', 'DDX_10_cos', 'FF_SENSOR_10', 'FF_10M_STD_10', 'FX_SENSOR_10', 'Q_GLOB_10', 'QN_GLOB_10', 'QX_GLOB_10', 'SQ_10']",5,1,0,haar,False,1,100,64,5,same,1,relu,True,5,False,100,0.2,relu,Adam,0.007686239553495328,0.04617362223806871,0.030175882484530944,8670,5040,1087.56
68,68,[],5,1,0,haar,False,1,130,64,5,same,1,relu,True,5,False,100,0.2,relu,Adam,0.008756057998283317,0.04814699873664151,0.0319227324456312,8905,5056,1146.25
69,69,"['FF_10M_10', 'DD_10_sin', 'DD_10_cos', 'DDN_10_sin', 'DDN_10_cos', 'DD_STD_10_sin', 'DD_STD_10_cos', 'DDX_10_sin', 'DDX_10_cos', 'FF_SENSOR_10', 'FF_10M_STD_10', 'FX_SENSOR_10']",5,1,0,haar,False,1,130,64,5,same,1,relu,True,5,False,100,0.2,relu,Adam,0.008983960005314567,0.048170810139117407,0.03197703680690415,8697,5045,1172.78
70,70,"['Q_GLOB_10', 'QN_GLOB_10', 'QX_GLOB_10', 'SQ_10']",5,1,0,haar,False,1,130,64,5,same,1,relu,True,5,False,100,0.2,relu,Adam,0.007460945416848932,0.04584048931580558,0.029994603216846792,8690,5040,1135.4
71,71,"['FF_10M_10', 'DD_10_sin', 'DD_10_cos', 'DDN_10_sin', 'DDN_10_cos', 'DD_STD_10_sin', 'DD_STD_10_cos', 'DDX_10_sin', 'DDX_10_cos', 'FF_SENSOR_10', 'FF_10M_STD_10', 'FX_SENSOR_10', 'Q_GLOB_10', 'QN_GLOB_10', 'QX_GLOB_10', 'SQ_10']",5,1,0,haar,False,1,130,64,5,same,1,relu,True,5,False,100,0.2,relu,Adam,0.007558984180537163,0.04397804617354766,0.028793611686702265,8670,5040,1170.49
72,72,[],5,1,1,haar,False,1,70,64,5,same,1,relu,True,5,False,100,0.2,relu,Adam,0.00868115406857712,0.049864488551479805,0.03303594918094735,8905,5056,1368.92
73,73,"['FF_10M_10', 'DD_10_sin', 'DD_10_cos', 'DDN_10_sin', 'DDN_10_cos', 'DD_STD_10_sin', 'DD_STD_10_cos', 'DDX_10_sin', 'DDX_10_cos', 'FF_SENSOR_10', 'FF_10M_STD_10', 'FX_SENSOR_10']",5,1,1,haar,False,1,70,64,5,same,1,relu,True,5,False,100,0.2,relu,Adam,0.008806157398975044,0.04984432471756996,0.032837183235438494,8697,5045,1488.94
74,74,"['Q_GLOB_10', 'QN_GLOB_10', 'QX_GLOB_10', 'SQ_10']",5,1,1,haar,False,1,70,64,5,same,1,relu,True,5,False,100,0.2,relu,Adam,0.0076605763782322004,0.04563112942903503,0.02985118860691432,8690,5040,1432.94
75,75,"['FF_10M_10', 'DD_10_sin', 'DD_10_cos', 'DDN_10_sin', 'DDN_10_cos', 'DD_STD_10_sin', 'DD_STD_10_cos', 'DDX_10_sin', 'DDX_10_cos', 'FF_SENSOR_10', 'FF_10M_STD_10', 'FX_SENSOR_10', 'Q_GLOB_10', 'QN_GLOB_10', 'QX_GLOB_10', 'SQ_10']",5,1,1,haar,False,1,70,64,5,same,1,relu,True,5,False,100,0.2,relu,Adam,0.0075356360365691905,0.04343263259055821,0.028339754872845492,8670,5040,1369.73
76,76,[],5,1,1,haar,False,1,100,64,5,same,1,relu,True,5,False,100,0.2,relu,Adam,0.008676591248169909,0.04833417945774238,0.03199235727992345,8905,5056,1307.66
77,77,"['FF_10M_10', 'DD_10_sin', 'DD_10_cos', 'DDN_10_sin', 'DDN_10_cos', 'DD_STD_10_sin', 'DD_STD_10_cos', 'DDX_10_sin', 'DDX_10_cos', 'FF_SENSOR_10', 'FF_10M_STD_10', 'FX_SENSOR_10']",5,1,1,haar,False,1,100,64,5,same,1,relu,True,5,False,100,0.2,relu,Adam,0.00918032626529627,0.04924375141693044,0.03252893088484778,8697,5045,1340.68
78,78,"['Q_GLOB_10', 'QN_GLOB_10', 'QX_GLOB_10', 'SQ_10']",5,1,1,haar,False,1,100,64,5,same,1,relu,True,5,False,100,0.2,relu,Adam,0.0072323896778005515,0.043167793178675785,0.028118004301963345,8690,5040,1283.45
79,79,"['FF_10M_10', 'DD_10_sin', 'DD_10_cos', 'DDN_10_sin', 'DDN_10_cos', 'DD_STD_10_sin', 'DD_STD_10_cos', 'DDX_10_sin', 'DDX_10_cos', 'FF_SENSOR_10', 'FF_10M_STD_10', 'FX_SENSOR_10', 'Q_GLOB_10', 'QN_GLOB_10', 'QX_GLOB_10', 'SQ_10']",5,1,1,haar,False,1,100,64,5,same,1,relu,True,5,False,100,0.2,relu,Adam,0.007482174083355725,0.045121853147667805,0.02946041526483413,8670,5040,1333.34
80,80,[],5,1,1,haar,False,1,130,64,5,same,1,relu,True,5,False,100,0.2,relu,Adam,0.008802438309824735,0.04774500412039978,0.031398603333695985,8905,5056,1407.71
81,81,"['FF_10M_10', 'DD_10_sin', 'DD_10_cos', 'DDN_10_sin', 'DDN_10_cos', 'DD_STD_10_sin', 'DD_STD_10_cos', 'DDX_10_sin', 'DDX_10_cos', 'FF_SENSOR_10', 'FF_10M_STD_10', 'FX_SENSOR_10']",5,1,1,haar,False,1,130,64,5,same,1,relu,True,5,False,100,0.2,relu,Adam,0.009158319438393982,0.05015090692666569,0.03324385021927283,8697,5045,1441.43
82,82,"['Q_GLOB_10', 'QN_GLOB_10', 'QX_GLOB_10', 'SQ_10']",5,1,1,haar,False,1,130,64,5,same,1,relu,True,5,False,100,0.2,relu,Adam,0.0074834416572698535,0.044425634739034506,0.028979497587310804,8690,5040,1493.24
83,83,"['FF_10M_10', 'DD_10_sin', 'DD_10_cos', 'DDN_10_sin', 'DDN_10_cos', 'DD_STD_10_sin', 'DD_STD_10_cos', 'DDX_10_sin', 'DDX_10_cos', 'FF_SENSOR_10', 'FF_10M_STD_10', 'FX_SENSOR_10', 'Q_GLOB_10', 'QN_GLOB_10', 'QX_GLOB_10', 'SQ_10']",5,1,1,haar,False,1,130,64,5,same,1,relu,True,5,False,100,0.2,relu,Adam,0.007590222262911726,0.04447486528762422,0.0290893182791188,8670,5040,1543.25
84,84,[],5,1,2,haar,False,1,70,64,5,same,1,relu,True,5,False,100,0.2,relu,Adam,0.009658517219017664,0.05180802826040219,0.034064113884017026,8905,5056,1696.64
85,85,"['FF_10M_10', 'DD_10_sin', 'DD_10_cos', 'DDN_10_sin', 'DDN_10_cos', 'DD_STD_10_sin', 'DD_STD_10_cos', 'DDX_10_sin', 'DDX_10_cos', 'FF_SENSOR_10', 'FF_10M_STD_10', 'FX_SENSOR_10']",5,1,2,haar,False,1,70,64,5,same,1,relu,True,5,False,100,0.2,relu,Adam,0.009875208238152692,0.05248015700291891,0.03463833124548979,8697,5045,1620.12
86,86,"['Q_GLOB_10', 'QN_GLOB_10', 'QX_GLOB_10', 'SQ_10']",5,1,2,haar,False,1,70,64,5,same,1,relu,True,5,False,100,0.2,relu,Adam,0.007918070620261071,0.04694310380877422,0.030496844638553164,8690,5040,1691.7
87,87,"['FF_10M_10', 'DD_10_sin', 'DD_10_cos', 'DDN_10_sin', 'DDN_10_cos', 'DD_STD_10_sin', 'DD_STD_10_cos', 'DDX_10_sin', 'DDX_10_cos', 'FF_SENSOR_10', 'FF_10M_STD_10', 'FX_SENSOR_10', 'Q_GLOB_10', 'QN_GLOB_10', 'QX_GLOB_10', 'SQ_10']",5,1,2,haar,False,1,70,64,5,same,1,relu,True,5,False,100,0.2,relu,Adam,0.008052760776268732,0.04553305949761331,0.029609341750532793,8670,5040,1751.34
88,88,[],5,1,2,haar,False,1,100,64,5,same,1,relu,True,5,False,100,0.2,relu,Adam,0.009734002860663409,0.05302517921248234,0.034958084765590945,8905,5056,1587.67
89,89,"['FF_10M_10', 'DD_10_sin', 'DD_10_cos', 'DDN_10_sin', 'DDN_10_cos', 'DD_STD_10_sin', 'DD_STD_10_cos', 'DDX_10_sin', 'DDX_10_cos', 'FF_SENSOR_10', 'FF_10M_STD_10', 'FX_SENSOR_10']",5,1,2,haar,False,1,100,64,5,same,1,relu,True,5,False,100,0.2,relu,Adam,0.009845119770803275,0.05220638967864431,0.034485020546412164,8697,5045,1619.34
90,90,"['Q_GLOB_10', 'QN_GLOB_10', 'QX_GLOB_10', 'SQ_10']",5,1,2,haar,False,1,100,64,5,same,1,relu,True,5,False,100,0.2,relu,Adam,0.008000884275669005,0.04610814232728726,0.02997189841678354,8690,5040,1562.65
91,91,"['FF_10M_10', 'DD_10_sin', 'DD_10_cos', 'DDN_10_sin', 'DDN_10_cos', 'DD_STD_10_sin', 'DD_STD_10_cos', 'DDX_10_sin', 'DDX_10_cos', 'FF_SENSOR_10', 'FF_10M_STD_10', 'FX_SENSOR_10', 'Q_GLOB_10', 'QN_GLOB_10', 'QX_GLOB_10', 'SQ_10']",5,1,2,haar,False,1,100,64,5,same,1,relu,True,5,False,100,0.2,relu,Adam,0.008026315285773135,0.04638670010440875,0.030181686728215015,8670,5040,1633.4
92,92,[],5,1,2,haar,False,1,130,64,5,same,1,relu,True,5,False,100,0.2,relu,Adam,0.00970816722513412,0.05083617747016049,0.03358886046098486,8905,5056,1673.37
93,93,"['FF_10M_10', 'DD_10_sin', 'DD_10_cos', 'DDN_10_sin', 'DDN_10_cos', 'DD_STD_10_sin', 'DD_STD_10_cos', 'DDX_10_sin', 'DDX_10_cos', 'FF_SENSOR_10', 'FF_10M_STD_10', 'FX_SENSOR_10']",5,1,2,haar,False,1,130,64,5,same,1,relu,True,5,False,100,0.2,relu,Adam,0.01001610844005505,0.052215570721840035,0.034457785912652646,8697,5045,1686.37
94,94,"['Q_GLOB_10', 'QN_GLOB_10', 'QX_GLOB_10', 'SQ_10']",5,1,2,haar,False,1,130,64,5,same,1,relu,True,5,False,100,0.2,relu,Adam,0.0078514903989702,0.04641811600605608,0.03011552733664242,8690,5040,1620.76
95,95,"['FF_10M_10', 'DD_10_sin', 'DD_10_cos', 'DDN_10_sin', 'DDN_10_cos', 'DD_STD_10_sin', 'DD_STD_10_cos', 'DDX_10_sin', 'DDX_10_cos', 'FF_SENSOR_10', 'FF_10M_STD_10', 'FX_SENSOR_10', 'Q_GLOB_10', 'QN_GLOB_10', 'QX_GLOB_10', 'SQ_10']",5,1,2,haar,False,1,130,64,5,same,1,relu,True,5,False,100,0.2,relu,Adam,0.007944196978938065,0.04620516281828176,0.030024105657464484,8670,5040,1680.64
96,96,[],5,1,3,haar,False,1,70,64,5,same,1,relu,True,5,False,100,0.2,relu,Adam,0.019788056157098263,0.08304529030136559,0.05587129486226462,8905,5056,1784.11
97,97,"['FF_10M_10', 'DD_10_sin', 'DD_10_cos', 'DDN_10_sin', 'DDN_10_cos', 'DD_STD_10_sin', 'DD_STD_10_cos', 'DDX_10_sin', 'DDX_10_cos', 'FF_SENSOR_10', 'FF_10M_STD_10', 'FX_SENSOR_10']",5,1,3,haar,False,1,70,64,5,same,1,relu,True,5,False,100,0.2,relu,Adam,0.020185201736010367,0.08319434701915482,0.05589783813129287,8697,5045,1888.21
98,98,"['Q_GLOB_10', 'QN_GLOB_10', 'QX_GLOB_10', 'SQ_10']",5,1,3,haar,False,1,70,64,5,same,1,relu,True,5,False,100,0.2,relu,Adam,0.018955369772898877,0.08063731129778665,0.05397402775174994,8690,5040,1831.04
99,99,"['FF_10M_10', 'DD_10_sin', 'DD_10_cos', 'DDN_10_sin', 'DDN_10_cos', 'DD_STD_10_sin', 'DD_STD_10_cos', 'DDX_10_sin', 'DDX_10_cos', 'FF_SENSOR_10', 'FF_10M_STD_10', 'FX_SENSOR_10', 'Q_GLOB_10', 'QN_GLOB_10', 'QX_GLOB_10', 'SQ_10']",5,1,3,haar,False,1,70,64,5,same,1,relu,True,5,False,100,0.2,relu,Adam,0.01910063321792904,0.08080970544600846,0.05403315304007745,8670,5040,1883.33
100,100,[],5,1,3,haar,False,1,100,64,5,same,1,relu,True,5,False,100,0.2,relu,Adam,0.019610361155841007,0.08167189596249583,0.05494259966600124,8905,5056,1814.63
101,101,"['FF_10M_10', 'DD_10_sin', 'DD_10_cos', 'DDN_10_sin', 'DDN_10_cos', 'DD_STD_10_sin', 'DD_STD_10_cos', 'DDX_10_sin', 'DDX_10_cos', 'FF_SENSOR_10', 'FF_10M_STD_10', 'FX_SENSOR_10']",5,1,3,haar,False,1,100,64,5,same,1,relu,True,5,False,100,0.2,relu,Adam,0.020526776623996962,0.08360479313918154,0.056202680066861396,8697,5045,1901.74
102,102,"['Q_GLOB_10', 'QN_GLOB_10', 'QX_GLOB_10', 'SQ_10']",5,1,3,haar,False,1,100,64,5,same,1,relu,True,5,False,100,0.2,relu,Adam,0.01925730871537143,0.08111512005253337,0.05438116780477851,8690,5040,1842.92
103,103,"['FF_10M_10', 'DD_10_sin', 'DD_10_cos', 'DDN_10_sin', 'DDN_10_cos', 'DD_STD_10_sin', 'DD_STD_10_cos', 'DDX_10_sin', 'DDX_10_cos', 'FF_SENSOR_10', 'FF_10M_STD_10', 'FX_SENSOR_10', 'Q_GLOB_10', 'QN_GLOB_10', 'QX_GLOB_10', 'SQ_10']",5,1,3,haar,False,1,100,64,5,same,1,relu,True,5,False,100,0.2,relu,Adam,0.018709099394299544,0.08139198977350785,0.054506316923618396,8670,5040,1878.35
104,104,[],5,1,3,haar,False,1,130,64,5,same,1,relu,True,5,False,100,0.2,relu,Adam,0.019696683965170655,0.08231836300674711,0.05536366932067478,8905,5056,1884.04
105,105,"['FF_10M_10', 'DD_10_sin', 'DD_10_cos', 'DDN_10_sin', 'DDN_10_cos', 'DD_STD_10_sin', 'DD_STD_10_cos', 'DDX_10_sin', 'DDX_10_cos', 'FF_SENSOR_10', 'FF_10M_STD_10', 'FX_SENSOR_10']",5,1,3,haar,False,1,130,64,5,same,1,relu,True,5,False,100,0.2,relu,Adam,0.020603556876188367,0.08422949849307854,0.056642710385285226,8697,5045,1978.95
106,106,"['Q_GLOB_10', 'QN_GLOB_10', 'QX_GLOB_10', 'SQ_10']",5,1,3,haar,False,1,130,64,5,same,1,relu,True,5,False,100,0.2,relu,Adam,0.019219403955869317,0.08031667779352553,0.053821586870046983,8690,5040,1919.91
107,107,"['FF_10M_10', 'DD_10_sin', 'DD_10_cos', 'DDN_10_sin', 'DDN_10_cos', 'DD_STD_10_sin', 'DD_STD_10_cos', 'DDX_10_sin', 'DDX_10_cos', 'FF_SENSOR_10', 'FF_10M_STD_10', 'FX_SENSOR_10', 'Q_GLOB_10', 'QN_GLOB_10', 'QX_GLOB_10', 'SQ_10']",5,1,3,haar,False,1,130,64,5,same,1,relu,True,5,False,100,0.2,relu,Adam,0.019122441129557886,0.08003155079154708,0.05366259284467491,8670,5040,1960.55
108,108,[],5,1,4,haar,False,1,70,64,5,same,1,relu,True,5,False,100,0.2,relu,Adam,0.019951494513558397,0.08326393710423598,0.056029265749462265,8905,5056,2053.47
109,109,"['FF_10M_10', 'DD_10_sin', 'DD_10_cos', 'DDN_10_sin', 'DDN_10_cos', 'DD_STD_10_sin', 'DD_STD_10_cos', 'DDX_10_sin', 'DDX_10_cos', 'FF_SENSOR_10', 'FF_10M_STD_10', 'FX_SENSOR_10']",5,1,4,haar,False,1,70,64,5,same,1,relu,True,5,False,100,0.2,relu,Adam,0.020651948338081788,0.08427627950708014,0.05681789231925644,8697,5045,2217.72
110,110,"['Q_GLOB_10', 'QN_GLOB_10', 'QX_GLOB_10', 'SQ_10']",5,1,4,haar,False,1,70,64,5,same,1,relu,True,5,False,100,0.2,relu,Adam,0.0191633645072964,0.08335877659770782,0.05585645525157058,8690,5040,2143.63
111,111,"['FF_10M_10', 'DD_10_sin', 'DD_10_cos', 'DDN_10_sin', 'DDN_10_cos', 'DD_STD_10_sin', 'DD_STD_10_cos', 'DDX_10_sin', 'DDX_10_cos', 'FF_SENSOR_10', 'FF_10M_STD_10', 'FX_SENSOR_10', 'Q_GLOB_10', 'QN_GLOB_10', 'QX_GLOB_10', 'SQ_10']",5,1,4,haar,False,1,70,64,5,same,1,relu,True,5,False,100,0.2,relu,Adam,0.018774233871422914,0.08054106754596983,0.05407095884483513,8670,5040,2194.08
112,112,[],5,1,4,haar,False,1,100,64,5,same,1,relu,True,5,False,100,0.2,relu,Adam,0.020553051145487708,0.08431781558848918,0.056799990017814,8905,5056,2069.2
113,113,"['FF_10M_10', 'DD_10_sin', 'DD_10_cos', 'DDN_10_sin', 'DDN_10_cos', 'DD_STD_10_sin', 'DD_STD_10_cos', 'DDX_10_sin', 'DDX_10_cos', 'FF_SENSOR_10', 'FF_10M_STD_10', 'FX_SENSOR_10']",5,1,4,haar,False,1,100,64,5,same,1,relu,True,5,False,100,0.2,relu,Adam,0.021174091983326877,0.08556474957164671,0.057700823648672926,8697,5045,2205.62
114,114,"['Q_GLOB_10', 'QN_GLOB_10', 'QX_GLOB_10', 'SQ_10']",5,1,4,haar,False,1,100,64,5,same,1,relu,True,5,False,100,0.2,relu,Adam,0.01932926526301712,0.08138906480747803,0.05460368850920943,8690,5040,2140.74
115,115,"['FF_10M_10', 'DD_10_sin', 'DD_10_cos', 'DDN_10_sin', 'DDN_10_cos', 'DD_STD_10_sin', 'DD_STD_10_cos', 'DDX_10_sin', 'DDX_10_cos', 'FF_SENSOR_10', 'FF_10M_STD_10', 'FX_SENSOR_10', 'Q_GLOB_10', 'QN_GLOB_10', 'QX_GLOB_10', 'SQ_10']",5,1,4,haar,False,1,100,64,5,same,1,relu,True,5,False,100,0.2,relu,Adam,0.019162636260702838,0.08061081565212036,0.05414089894006292,8670,5040,2232.36
116,116,[],5,1,4,haar,False,1,130,64,5,same,1,relu,True,5,False,100,0.2,relu,Adam,0.06221424205274255,0.14626873186432082,0.10043845973668052,8905,5056,2295.66
117,117,"['FF_10M_10', 'DD_10_sin', 'DD_10_cos', 'DDN_10_sin', 'DDN_10_cos', 'DD_STD_10_sin', 'DD_STD_10_cos', 'DDX_10_sin', 'DDX_10_cos', 'FF_SENSOR_10', 'FF_10M_STD_10', 'FX_SENSOR_10']",5,1,4,haar,False,1,130,64,5,same,1,relu,True,5,False,100,0.2,relu,Adam,0.02096294187334402,0.08498679330570733,0.05726759448412356,8697,5045,2255.9
118,118,"['Q_GLOB_10', 'QN_GLOB_10', 'QX_GLOB_10', 'SQ_10']",5,1,4,haar,False,1,130,64,5,same,1,relu,True,5,False,100,0.2,relu,Adam,0.019273917437082566,0.08331106029199752,0.05588481397700856,8690,5040,2195.55
119,119,"['FF_10M_10', 'DD_10_sin', 'DD_10_cos', 'DDN_10_sin', 'DDN_10_cos', 'DD_STD_10_sin', 'DD_STD_10_cos', 'DDX_10_sin', 'DDX_10_cos', 'FF_SENSOR_10', 'FF_10M_STD_10', 'FX_SENSOR_10', 'Q_GLOB_10', 'QN_GLOB_10', 'QX_GLOB_10', 'SQ_10']",5,1,4,haar,False,1,130,64,5,same,1,relu,True,5,False,100,0.2,relu,Adam,0.019119418804766086,0.0834275955535356,0.05604286955052521,8670,5040,2234.44
120,120,[],7,1,0,haar,False,1,70,64,5,same,1,relu,True,5,False,100,0.2,relu,Adam,0.008368148153850286,0.04687255380252926,0.03093289216019038,8710,5042,1297.95
121,121,"['FF_10M_10', 'DD_10_sin', 'DD_10_cos', 'DDN_10_sin', 'DDN_10_cos', 'DD_STD_10_sin', 'DD_STD_10_cos', 'DDX_10_sin', 'DDX_10_cos', 'FF_SENSOR_10', 'FF_10M_STD_10', 'FX_SENSOR_10']",7,1,0,haar,False,1,70,64,5,same,1,relu,True,5,False,100,0.2,relu,Adam,0.009096634114621398,0.04870764465220836,0.03226864413683177,8497,5029,1340.09
122,122,"['Q_GLOB_10', 'QN_GLOB_10', 'QX_GLOB_10', 'SQ_10']",7,1,0,haar,False,1,70,64,5,same,1,relu,True,5,False,100,0.2,relu,Adam,0.00739203396838653,0.04353710985793582,0.028445544454573417,8490,5022,1305.36
123,123,"['FF_10M_10', 'DD_10_sin', 'DD_10_cos', 'DDN_10_sin', 'DDN_10_cos', 'DD_STD_10_sin', 'DD_STD_10_cos', 'DDX_10_sin', 'DDX_10_cos', 'FF_SENSOR_10', 'FF_10M_STD_10', 'FX_SENSOR_10', 'Q_GLOB_10', 'QN_GLOB_10', 'QX_GLOB_10', 'SQ_10']",7,1,0,haar,False,1,70,64,5,same,1,relu,True,5,False,100,0.2,relu,Adam,0.00757114059846762,0.044255955339810124,0.028927408645649563,8468,5022,1345.62
124,124,[],7,1,0,haar,False,1,100,64,5,same,1,relu,True,5,False,100,0.2,relu,Adam,0.00853487675740631,0.047744811885340716,0.031539459721954384,8710,5042,1353.84
125,125,"['FF_10M_10', 'DD_10_sin', 'DD_10_cos', 'DDN_10_sin', 'DDN_10_cos', 'DD_STD_10_sin', 'DD_STD_10_cos', 'DDX_10_sin', 'DDX_10_cos', 'FF_SENSOR_10', 'FF_10M_STD_10', 'FX_SENSOR_10']",7,1,0,haar,False,1,100,64,5,same,1,relu,True,5,False,100,0.2,relu,Adam,0.008808906151188282,0.04881596662828633,0.032458255875231115,8497,5029,1391.41
126,126,"['Q_GLOB_10', 'QN_GLOB_10', 'QX_GLOB_10', 'SQ_10']",7,1,0,haar,False,1,100,64,5,same,1,relu,True,5,False,100,0.2,relu,Adam,0.007360642228611854,0.04372104210374181,0.028575560648318843,8490,5022,1360.47
127,127,"['FF_10M_10', 'DD_10_sin', 'DD_10_cos', 'DDN_10_sin', 'DDN_10_cos', 'DD_STD_10_sin', 'DD_STD_10_cos', 'DDX_10_sin', 'DDX_10_cos', 'FF_SENSOR_10', 'FF_10M_STD_10', 'FX_SENSOR_10', 'Q_GLOB_10', 'QN_GLOB_10', 'QX_GLOB_10', 'SQ_10']",7,1,0,haar,False,1,100,64,5,same,1,relu,True,5,False,100,0.2,relu,Adam,0.007997738029547022,0.04659328500515045,0.030609077617096636,8468,5022,1401.23
128,128,[],7,1,0,haar,False,1,130,64,5,same,1,relu,True,5,False,100,0.2,relu,Adam,0.008530973689404687,0.049099119966691446,0.0324233848624461,8710,5042,1470.7
129,129,"['FF_10M_10', 'DD_10_sin', 'DD_10_cos', 'DDN_10_sin', 'DDN_10_cos', 'DD_STD_10_sin', 'DD_STD_10_cos', 'DDX_10_sin', 'DDX_10_cos', 'FF_SENSOR_10', 'FF_10M_STD_10', 'FX_SENSOR_10']",7,1,0,haar,False,1,130,64,5,same,1,relu,True,5,False,100,0.2,relu,Adam,0.00881632872033704,0.04775361692054979,0.031666471730510265,8497,5029,1503.71
130,130,"['Q_GLOB_10', 'QN_GLOB_10', 'QX_GLOB_10', 'SQ_10']",7,1,0,haar,False,1,130,64,5,same,1,relu,True,5,False,100,0.2,relu,Adam,0.007459145557335585,0.04403611777182653,0.028782924215877848,8490,5022,1461.53
131,131,"['FF_10M_10', 'DD_10_sin', 'DD_10_cos', 'DDN_10_sin', 'DDN_10_cos', 'DD_STD_10_sin', 'DD_STD_10_cos', 'DDX_10_sin', 'DDX_10_cos', 'FF_SENSOR_10', 'FF_10M_STD_10', 'FX_SENSOR_10', 'Q_GLOB_10', 'QN_GLOB_10', 'QX_GLOB_10', 'SQ_10']",7,1,0,haar,False,1,130,64,5,same,1,relu,True,5,False,100,0.2,relu,Adam,0.007754782345235815,0.0459466477545169,0.03010529515586927,8468,5022,1500.19
132,132,[],7,1,1,haar,False,1,70,64,5,same,1,relu,True,5,False,100,0.2,relu,Adam,0.008819296289844594,0.047927136805299975,0.03164463502699864,8710,5042,1547.6
133,133,"['FF_10M_10', 'DD_10_sin', 'DD_10_cos', 'DDN_10_sin', 'DDN_10_cos', 'DD_STD_10_sin', 'DD_STD_10_cos', 'DDX_10_sin', 'DDX_10_cos', 'FF_SENSOR_10', 'FF_10M_STD_10', 'FX_SENSOR_10']",7,1,1,haar,False,1,70,64,5,same,1,relu,True,5,False,100,0.2,relu,Adam,0.009031527277509135,0.049634160655462764,0.03292433305031389,8497,5029,1578.86
134,134,"['Q_GLOB_10', 'QN_GLOB_10', 'QX_GLOB_10', 'SQ_10']",7,1,1,haar,False,1,70,64,5,same,1,relu,True,5,False,100,0.2,relu,Adam,0.007472068174511768,0.04536265364313913,0.029580811517373882,8490,5022,1544.8
135,135,"['FF_10M_10', 'DD_10_sin', 'DD_10_cos', 'DDN_10_sin', 'DDN_10_cos', 'DD_STD_10_sin', 'DD_STD_10_cos', 'DDX_10_sin', 'DDX_10_cos', 'FF_SENSOR_10', 'FF_10M_STD_10', 'FX_SENSOR_10', 'Q_GLOB_10', 'QN_GLOB_10', 'QX_GLOB_10', 'SQ_10']",7,1,1,haar,False,1,70,64,5,same,1,relu,True,5,False,100,0.2,relu,Adam,0.007780143872417732,0.045070663004564845,0.029532707575119197,8468,5022,1597.16
136,136,[],7,1,1,haar,False,1,100,64,5,same,1,relu,True,5,False,100,0.2,relu,Adam,0.008729973750266934,0.048262205759513316,0.03194706545347462,8710,5042,1601.95
137,137,"['FF_10M_10', 'DD_10_sin', 'DD_10_cos', 'DDN_10_sin', 'DDN_10_cos', 'DD_STD_10_sin', 'DD_STD_10_cos', 'DDX_10_sin', 'DDX_10_cos', 'FF_SENSOR_10', 'FF_10M_STD_10', 'FX_SENSOR_10']",7,1,1,haar,False,1,100,64,5,same,1,relu,True,5,False,100,0.2,relu,Adam,0.009373201857905347,0.050233371903876764,0.033214112783298444,8497,5029,1633.19
138,138,"['Q_GLOB_10', 'QN_GLOB_10', 'QX_GLOB_10', 'SQ_10']",7,1,1,haar,False,1,100,64,5,same,1,relu,True,5,False,100,0.2,relu,Adam,0.007405717800398758,0.044137621426066656,0.028836696206166242,8490,5022,1595.19
139,139,"['FF_10M_10', 'DD_10_sin', 'DD_10_cos', 'DDN_10_sin', 'DDN_10_cos', 'DD_STD_10_sin', 'DD_STD_10_cos', 'DDX_10_sin', 'DDX_10_cos', 'FF_SENSOR_10', 'FF_10M_STD_10', 'FX_SENSOR_10', 'Q_GLOB_10', 'QN_GLOB_10', 'QX_GLOB_10', 'SQ_10']",7,1,1,haar,False,1,100,64,5,same,1,relu,True,5,False,100,0.2,relu,Adam,0.007600896692860125,0.04411640070227557,0.028707408360023477,8468,5022,1650.09
140,140,[],7,1,1,haar,False,1,130,64,5,same,1,relu,True,5,False,100,0.2,relu,Adam,0.00872957025211952,0.046264881619799365,0.03045379318425347,8710,5042,1731.4
141,141,"['FF_10M_10', 'DD_10_sin', 'DD_10_cos', 'DDN_10_sin', 'DDN_10_cos', 'DD_STD_10_sin', 'DD_STD_10_cos', 'DDX_10_sin', 'DDX_10_cos', 'FF_SENSOR_10', 'FF_10M_STD_10', 'FX_SENSOR_10']",7,1,1,haar,False,1,130,64,5,same,1,relu,True,5,False,100,0.2,relu,Adam,0.009270323050201281,0.04951021669113353,0.03271788206560863,8497,5029,1766.73
142,142,"['Q_GLOB_10', 'QN_GLOB_10', 'QX_GLOB_10', 'SQ_10']",7,1,1,haar,False,1,130,64,5,same,1,relu,True,5,False,100,0.2,relu,Adam,0.007635210364693624,0.043982919127865006,0.028737688824907223,8490,5022,1729.14
143,143,"['FF_10M_10', 'DD_10_sin', 'DD_10_cos', 'DDN_10_sin', 'DDN_10_cos', 'DD_STD_10_sin', 'DD_STD_10_cos', 'DDX_10_sin', 'DDX_10_cos', 'FF_SENSOR_10', 'FF_10M_STD_10', 'FX_SENSOR_10', 'Q_GLOB_10', 'QN_GLOB_10', 'QX_GLOB_10', 'SQ_10']",7,1,1,haar,False,1,130,64,5,same,1,relu,True,5,False,100,0.2,relu,Adam,0.007950747043055343,0.04578464087329885,0.029951225954696473,8468,5022,1776.97
144,144,[],7,1,2,haar,False,1,70,64,5,same,1,relu,True,5,False,100,0.2,relu,Adam,0.009675168678982427,0.05121230451100508,0.03378635047359853,8710,5042,1828.77
145,145,"['FF_10M_10', 'DD_10_sin', 'DD_10_cos', 'DDN_10_sin', 'DDN_10_cos', 'DD_STD_10_sin', 'DD_STD_10_cos', 'DDX_10_sin', 'DDX_10_cos', 'FF_SENSOR_10', 'FF_10M_STD_10', 'FX_SENSOR_10']",7,1,2,haar,False,1,70,64,5,same,1,relu,True,5,False,100,0.2,relu,Adam,0.009904027155553162,0.052759114758440126,0.03486373052996174,8497,5029,1870.56
146,146,"['Q_GLOB_10', 'QN_GLOB_10', 'QX_GLOB_10', 'SQ_10']",7,1,2,haar,False,1,70,64,5,same,1,relu,True,5,False,100,0.2,relu,Adam,0.00816396380330311,0.04590133302972235,0.02983287529092828,8490,5022,1818.88
147,147,"['FF_10M_10', 'DD_10_sin', 'DD_10_cos', 'DDN_10_sin', 'DDN_10_cos', 'DD_STD_10_sin', 'DD_STD_10_cos', 'DDX_10_sin', 'DDX_10_cos', 'FF_SENSOR_10', 'FF_10M_STD_10', 'FX_SENSOR_10', 'Q_GLOB_10', 'QN_GLOB_10', 'QX_GLOB_10', 'SQ_10']",7,1,2,haar,False,1,70,64,5,same,1,relu,True,5,False,100,0.2,relu,Adam,0.00812828171637548,0.046441843446018566,0.030220279701256673,8468,5022,1882.29
148,148,[],7,1,2,haar,False,1,100,64,5,same,1,relu,True,5,False,100,0.2,relu,Adam,0.009634055256842727,0.05203690037276833,0.034344528416252976,8710,5042,1868.53
149,149,"['FF_10M_10', 'DD_10_sin', 'DD_10_cos', 'DDN_10_sin', 'DDN_10_cos', 'DD_STD_10_sin', 'DD_STD_10_cos', 'DDX_10_sin', 'DDX_10_cos', 'FF_SENSOR_10', 'FF_10M_STD_10', 'FX_SENSOR_10']",7,1,2,haar,False,1,100,64,5,same,1,relu,True,5,False,100,0.2,relu,Adam,0.009976571116292637,0.052364810490235496,0.034593656176477056,8497,5029,1912.11
150,150,"['Q_GLOB_10', 'QN_GLOB_10', 'QX_GLOB_10', 'SQ_10']",7,1,2,haar,False,1,100,64,5,same,1,relu,True,5,False,100,0.2,relu,Adam,0.008078205714905596,0.04615404953139682,0.030053287196310258,8490,5022,1858.78
151,151,"['FF_10M_10', 'DD_10_sin', 'DD_10_cos', 'DDN_10_sin', 'DDN_10_cos', 'DD_STD_10_sin', 'DD_STD_10_cos', 'DDX_10_sin', 'DDX_10_cos', 'FF_SENSOR_10', 'FF_10M_STD_10', 'FX_SENSOR_10', 'Q_GLOB_10', 'QN_GLOB_10', 'QX_GLOB_10', 'SQ_10']",7,1,2,haar,False,1,100,64,5,same,1,relu,True,5,False,100,0.2,relu,Adam,0.008391382080263946,0.0463560425486715,0.030309246638328294,8468,5022,1911.47
152,152,[],7,1,2,haar,False,1,130,64,5,same,1,relu,True,5,False,100,0.2,relu,Adam,0.009793090250226833,0.052318871158411266,0.0345117973515662,8710,5042,1987.07
153,153,"['FF_10M_10', 'DD_10_sin', 'DD_10_cos', 'DDN_10_sin', 'DDN_10_cos', 'DD_STD_10_sin', 'DD_STD_10_cos', 'DDX_10_sin', 'DDX_10_cos', 'FF_SENSOR_10', 'FF_10M_STD_10', 'FX_SENSOR_10']",7,1,2,haar,False,1,130,64,5,same,1,relu,True,5,False,100,0.2,relu,Adam,0.009824531686002953,0.05209684703513817,0.03440619729049972,8497,5029,2016.06
154,154,"['Q_GLOB_10', 'QN_GLOB_10', 'QX_GLOB_10', 'SQ_10']",7,1,2,haar,False,1,130,64,5,same,1,relu,True,5,False,100,0.2,relu,Adam,0.008058162873506481,0.046815202355571045,0.030474194268035694,8490,5022,1975.95
155,155,"['FF_10M_10', 'DD_10_sin', 'DD_10_cos', 'DDN_10_sin', 'DDN_10_cos', 'DD_STD_10_sin', 'DD_STD_10_cos', 'DDX_10_sin', 'DDX_10_cos', 'FF_SENSOR_10', 'FF_10M_STD_10', 'FX_SENSOR_10', 'Q_GLOB_10', 'QN_GLOB_10', 'QX_GLOB_10', 'SQ_10']",7,1,2,haar,False,1,130,64,5,same,1,relu,True,5,False,100,0.2,relu,Adam,0.00837345209295208,0.04742477747250049,0.030920326523440757,8468,5022,2024.96
156,156,[],7,1,3,haar,False,1,70,64,5,same,1,relu,True,5,False,100,0.2,relu,Adam,0.019798926929048166,0.08205896204520284,0.05520856104358429,8710,5042,2128.42
157,157,"['FF_10M_10', 'DD_10_sin', 'DD_10_cos', 'DDN_10_sin', 'DDN_10_cos', 'DD_STD_10_sin', 'DD_STD_10_cos', 'DDX_10_sin', 'DDX_10_cos', 'FF_SENSOR_10', 'FF_10M_STD_10', 'FX_SENSOR_10']",7,1,3,haar,False,1,70,64,5,same,1,relu,True,5,False,100,0.2,relu,Adam,0.020347649918958734,0.08323825988619832,0.05604651875935109,8497,5029,2103.12
158,158,"['Q_GLOB_10', 'QN_GLOB_10', 'QX_GLOB_10', 'SQ_10']",7,1,3,haar,False,1,70,64,5,same,1,relu,True,5,False,100,0.2,relu,Adam,0.018975150027561703,0.07948639328990484,0.053174414986961425,8490,5022,2114.61
159,159,"['FF_10M_10', 'DD_10_sin', 'DD_10_cos', 'DDN_10_sin', 'DDN_10_cos', 'DD_STD_10_sin', 'DD_STD_10_cos', 'DDX_10_sin', 'DDX_10_cos', 'FF_SENSOR_10', 'FF_10M_STD_10', 'FX_SENSOR_10', 'Q_GLOB_10', 'QN_GLOB_10', 'QX_GLOB_10', 'SQ_10']",7,1,3,haar,False,1,70,64,5,same,1,relu,True,5,False,100,0.2,relu,Adam,0.019068339602115875,0.08029515994023265,0.05374211534837208,8468,5022,2162.01
160,160,[],7,1,3,haar,False,1,100,64,5,same,1,relu,True,5,False,100,0.2,relu,Adam,0.020437745300969454,0.08340155477172276,0.056085765080982924,8710,5042,2136.9
161,161,"['FF_10M_10', 'DD_10_sin', 'DD_10_cos', 'DDN_10_sin', 'DDN_10_cos', 'DD_STD_10_sin', 'DD_STD_10_cos', 'DDX_10_sin', 'DDX_10_cos', 'FF_SENSOR_10', 'FF_10M_STD_10', 'FX_SENSOR_10']",7,1,3,haar,False,1,100,64,5,same,1,relu,True,5,False,100,0.2,relu,Adam,0.020552428543497214,0.08340561022123903,0.05613137239966435,8497,5029,2101.49
162,162,"['Q_GLOB_10', 'QN_GLOB_10', 'QX_GLOB_10', 'SQ_10']",7,1,3,haar,False,1,100,64,5,same,1,relu,True,5,False,100,0.2,relu,Adam,0.018931415211604526,0.07988754104275506,0.05352627374241356,8490,5022,2133.87
163,163,"['FF_10M_10', 'DD_10_sin', 'DD_10_cos', 'DDN_10_sin', 'DDN_10_cos', 'DD_STD_10_sin', 'DD_STD_10_cos', 'DDX_10_sin', 'DDX_10_cos', 'FF_SENSOR_10', 'FF_10M_STD_10', 'FX_SENSOR_10', 'Q_GLOB_10', 'QN_GLOB_10', 'QX_GLOB_10', 'SQ_10']",7,1,3,haar,False,1,100,64,5,same,1,relu,True,5,False,100,0.2,relu,Adam,0.018416506180123186,0.07878672156949973,0.0527185253157623,8468,5022,2205.34
164,164,[],7,1,3,haar,False,1,130,64,5,same,1,relu,True,5,False,100,0.2,relu,Adam,0.020232387951859013,0.08288940525652932,0.055684072501282204,8710,5042,2256.97
165,165,"['FF_10M_10', 'DD_10_sin', 'DD_10_cos', 'DDN_10_sin', 'DDN_10_cos', 'DD_STD_10_sin', 'DD_STD_10_cos', 'DDX_10_sin', 'DDX_10_cos', 'FF_SENSOR_10', 'FF_10M_STD_10', 'FX_SENSOR_10']",7,1,3,haar,False,1,130,64,5,same,1,relu,True,5,False,100,0.2,relu,Adam,0.020229329375732776,0.08331490632293102,0.05607825860529562,8497,5029,2199.21
166,166,"['Q_GLOB_10', 'QN_GLOB_10', 'QX_GLOB_10', 'SQ_10']",7,1,3,haar,False,1,130,64,5,same,1,relu,True,5,False,100,0.2,relu,Adam,0.019453376103949278,0.08098246301720921,0.05425815414085723,8490,5022,2220.92
167,167,"['FF_10M_10', 'DD_10_sin', 'DD_10_cos', 'DDN_10_sin', 'DDN_10_cos', 'DD_STD_10_sin', 'DD_STD_10_cos', 'DDX_10_sin', 'DDX_10_cos', 'FF_SENSOR_10', 'FF_10M_STD_10', 'FX_SENSOR_10', 'Q_GLOB_10', 'QN_GLOB_10', 'QX_GLOB_10', 'SQ_10']",7,1,3,haar,False,1,130,64,5,same,1,relu,True,5,False,100,0.2,relu,Adam,0.01916872521578824,0.07955818137109762,0.053287931432619666,8468,5022,2283.19
168,168,[],7,1,4,haar,False,1,70,64,5,same,1,relu,True,5,False,100,0.2,relu,Adam,0.020687327844728053,0.08483297510393441,0.057066940687096425,8710,5042,2412.14
169,169,"['FF_10M_10', 'DD_10_sin', 'DD_10_cos', 'DDN_10_sin', 'DDN_10_cos', 'DD_STD_10_sin', 'DD_STD_10_cos', 'DDX_10_sin', 'DDX_10_cos', 'FF_SENSOR_10', 'FF_10M_STD_10', 'FX_SENSOR_10']",7,1,4,haar,False,1,70,64,5,same,1,relu,True,5,False,100,0.2,relu,Adam,0.020177966413451962,0.0833223617290508,0.05613212009760265,8497,5029,2342.03
170,170,"['Q_GLOB_10', 'QN_GLOB_10', 'QX_GLOB_10', 'SQ_10']",7,1,4,haar,False,1,70,64,5,same,1,relu,True,5,False,100,0.2,relu,Adam,0.01916344336426947,0.08105288476170473,0.054396983050171176,8490,5022,2415.59
171,171,"['FF_10M_10', 'DD_10_sin', 'DD_10_cos', 'DDN_10_sin', 'DDN_10_cos', 'DD_STD_10_sin', 'DD_STD_10_cos', 'DDX_10_sin', 'DDX_10_cos', 'FF_SENSOR_10', 'FF_10M_STD_10', 'FX_SENSOR_10', 'Q_GLOB_10', 'QN_GLOB_10', 'QX_GLOB_10', 'SQ_10']",7,1,4,haar,False,1,70,64,5,same,1,relu,True,5,False,100,0.2,relu,Adam,0.018280839555825053,0.07977320035167468,0.05357031232161984,8468,5022,2448.64
172,172,[],7,1,4,haar,False,1,100,64,5,same,1,relu,True,5,False,100,0.2,relu,Adam,0.02115215316740025,0.08469923131748186,0.05706828092776749,8710,5042,2424.18
173,173,"['FF_10M_10', 'DD_10_sin', 'DD_10_cos', 'DDN_10_sin', 'DDN_10_cos', 'DD_STD_10_sin', 'DD_STD_10_cos', 'DDX_10_sin', 'DDX_10_cos', 'FF_SENSOR_10', 'FF_10M_STD_10', 'FX_SENSOR_10']",7,1,4,haar,False,1,100,64,5,same,1,relu,True,5,False,100,0.2,relu,Adam,0.021672178020958027,0.08598385466197686,0.057914943406811845,8497,5029,2330.27
174,174,"['Q_GLOB_10', 'QN_GLOB_10', 'QX_GLOB_10', 'SQ_10']",7,1,4,haar,False,1,100,64,5,same,1,relu,True,5,False,100,0.2,relu,Adam,0.019851877428612982,0.08207470389572927,0.055102330427157474,8490,5022,2413.41
175,175,"['FF_10M_10', 'DD_10_sin', 'DD_10_cos', 'DDN_10_sin', 'DDN_10_cos', 'DD_STD_10_sin', 'DD_STD_10_cos', 'DDX_10_sin', 'DDX_10_cos', 'FF_SENSOR_10', 'FF_10M_STD_10', 'FX_SENSOR_10', 'Q_GLOB_10', 'QN_GLOB_10', 'QX_GLOB_10', 'SQ_10']",7,1,4,haar,False,1,100,64,5,same,1,relu,True,5,False,100,0.2,relu,Adam,0.019229614767049458,0.08051551790553073,0.054060957989817394,8468,5022,2477.0
176,176,[],7,1,4,haar,False,1,130,64,5,same,1,relu,True,5,False,100,0.2,relu,Adam,0.02090896218583092,0.08489392216227812,0.05715884576967316,8710,5042,2532.27
177,177,"['FF_10M_10', 'DD_10_sin', 'DD_10_cos', 'DDN_10_sin', 'DDN_10_cos', 'DD_STD_10_sin', 'DD_STD_10_cos', 'DDX_10_sin', 'DDX_10_cos', 'FF_SENSOR_10', 'FF_10M_STD_10', 'FX_SENSOR_10']",7,1,4,haar,False,1,130,64,5,same,1,relu,True,5,False,100,0.2,relu,Adam,0.02078212704202769,0.085919807873472,0.057787820273761926,8497,5029,2442.51
178,178,"['Q_GLOB_10', 'QN_GLOB_10', 'QX_GLOB_10', 'SQ_10']",7,1,4,haar,False,1,130,64,5,same,1,relu,True,5,False,100,0.2,relu,Adam,0.01934039336093228,0.0813476085133677,0.05462651619992922,8490,5022,2508.8
179,179,"['FF_10M_10', 'DD_10_sin', 'DD_10_cos', 'DDN_10_sin', 'DDN_10_cos', 'DD_STD_10_sin', 'DD_STD_10_cos', 'DDX_10_sin', 'DDX_10_cos', 'FF_SENSOR_10', 'FF_10M_STD_10', 'FX_SENSOR_10', 'Q_GLOB_10', 'QN_GLOB_10', 'QX_GLOB_10', 'SQ_10']",7,1,4,haar,False,1,130,64,5,same,1,relu,True,5,False,100,0.2,relu,Adam,0.01915787684048921,0.08104416832322187,0.05441919156003868,8468,5022,2549.72
