,counter,col_selection,HISTORY,STEP_FACTOR,LEVEL,WAVELET,FILTERS1,KERNEL_SIZE1,PADDING1,DILATION_RATE1,ACTIVATION1,CONV2,POOL_SIZE1,CONV_POOL2,DENSE_UNITS,DROPOUT,ACTIVATION2,OPTIMIZER,mse,mae,mre_3,train_samples,test_samples,train_time
0,0,[],3,1,0,haar,64,5,same,1,relu,True,5,False,100,0.2,relu,Adam,0.00839904921573841,0.04811890927633308,0.03158432513958199,9149,5070,292.69
1,1,"['FF_10M_10', 'DD_10_sin', 'DD_10_cos', 'DDN_10_sin', 'DDN_10_cos', 'DD_STD_10_sin', 'DD_STD_10_cos', 'DDX_10_sin', 'DDX_10_cos', 'FF_SENSOR_10', 'FF_10M_STD_10', 'FX_SENSOR_10']",3,1,0,haar,64,5,same,1,relu,True,5,False,100,0.2,relu,Adam,0.008852123853682954,0.05034922394502716,0.03311966238937456,8944,5061,273.43
2,2,"['Q_GLOB_10', 'QN_GLOB_10', 'QX_GLOB_10', 'SQ_10']",3,1,0,haar,64,5,same,1,relu,True,5,False,100,0.2,relu,Adam,0.00812698130354631,0.04795046787454696,0.03134723136337317,8937,5058,249.7
3,3,"['FF_10M_10', 'DD_10_sin', 'DD_10_cos', 'DDN_10_sin', 'DDN_10_cos', 'DD_STD_10_sin', 'DD_STD_10_cos', 'DDX_10_sin', 'DDX_10_cos', 'FF_SENSOR_10', 'FF_10M_STD_10', 'FX_SENSOR_10', 'Q_GLOB_10', 'QN_GLOB_10', 'QX_GLOB_10', 'SQ_10']",3,1,0,haar,64,5,same,1,relu,True,5,False,100,0.2,relu,Adam,0.007977990619928566,0.04722713731071839,0.030817584470482905,8919,5058,277.81
4,4,[],3,1,0,haar,64,5,same,1,relu,True,7,False,100,0.2,relu,Adam,0.009053930687800383,0.05020772042748477,0.033171947587139046,9149,5070,244.48
5,5,"['FF_10M_10', 'DD_10_sin', 'DD_10_cos', 'DDN_10_sin', 'DDN_10_cos', 'DD_STD_10_sin', 'DD_STD_10_cos', 'DDX_10_sin', 'DDX_10_cos', 'FF_SENSOR_10', 'FF_10M_STD_10', 'FX_SENSOR_10']",3,1,0,haar,64,5,same,1,relu,True,7,False,100,0.2,relu,Adam,0.008886735436642812,0.05044066514654959,0.03333718398961307,8944,5061,271.92
6,6,"['Q_GLOB_10', 'QN_GLOB_10', 'QX_GLOB_10', 'SQ_10']",3,1,0,haar,64,5,same,1,relu,True,7,False,100,0.2,relu,Adam,0.007945179537061562,0.04871094832053208,0.03163668430720336,8937,5058,248.87
7,7,"['FF_10M_10', 'DD_10_sin', 'DD_10_cos', 'DDN_10_sin', 'DDN_10_cos', 'DD_STD_10_sin', 'DD_STD_10_cos', 'DDX_10_sin', 'DDX_10_cos', 'FF_SENSOR_10', 'FF_10M_STD_10', 'FX_SENSOR_10', 'Q_GLOB_10', 'QN_GLOB_10', 'QX_GLOB_10', 'SQ_10']",3,1,0,haar,64,5,same,1,relu,True,7,False,100,0.2,relu,Adam,0.008060526833677802,0.048044090422664124,0.031329737698714465,8919,5058,274.65
8,8,[],3,1,1,haar,64,5,same,1,relu,True,5,False,100,0.2,relu,Adam,0.008691348003356218,0.04913332221353118,0.03240421594423453,9149,5070,469.13
9,9,"['FF_10M_10', 'DD_10_sin', 'DD_10_cos', 'DDN_10_sin', 'DDN_10_cos', 'DD_STD_10_sin', 'DD_STD_10_cos', 'DDX_10_sin', 'DDX_10_cos', 'FF_SENSOR_10', 'FF_10M_STD_10', 'FX_SENSOR_10']",3,1,1,haar,64,5,same,1,relu,True,5,False,100,0.2,relu,Adam,0.009318557272849227,0.05079908921440916,0.03363231126544828,8944,5061,510.16
10,10,"['Q_GLOB_10', 'QN_GLOB_10', 'QX_GLOB_10', 'SQ_10']",3,1,1,haar,64,5,same,1,relu,True,5,False,100,0.2,relu,Adam,0.007741041336283291,0.04692882744023754,0.03046299560781324,8937,5058,475.97
11,11,"['FF_10M_10', 'DD_10_sin', 'DD_10_cos', 'DDN_10_sin', 'DDN_10_cos', 'DD_STD_10_sin', 'DD_STD_10_cos', 'DDX_10_sin', 'DDX_10_cos', 'FF_SENSOR_10', 'FF_10M_STD_10', 'FX_SENSOR_10', 'Q_GLOB_10', 'QN_GLOB_10', 'QX_GLOB_10', 'SQ_10']",3,1,1,haar,64,5,same,1,relu,True,5,False,100,0.2,relu,Adam,0.007886328542131258,0.04730154325053601,0.03067017339899661,8919,5058,515.97
12,12,[],3,1,1,haar,64,5,same,1,relu,True,7,False,100,0.2,relu,Adam,0.01026516251871665,0.05515980071296027,0.036388687087778135,9149,5070,479.76
13,13,"['FF_10M_10', 'DD_10_sin', 'DD_10_cos', 'DDN_10_sin', 'DDN_10_cos', 'DD_STD_10_sin', 'DD_STD_10_cos', 'DDX_10_sin', 'DDX_10_cos', 'FF_SENSOR_10', 'FF_10M_STD_10', 'FX_SENSOR_10']",3,1,1,haar,64,5,same,1,relu,True,7,False,100,0.2,relu,Adam,0.009952100900969358,0.05485013249616791,0.0360032984713528,8944,5061,508.08
14,14,"['Q_GLOB_10', 'QN_GLOB_10', 'QX_GLOB_10', 'SQ_10']",3,1,1,haar,64,5,same,1,relu,True,7,False,100,0.2,relu,Adam,0.008949620739318091,0.05186477533138815,0.03386762891583616,8937,5058,478.8
15,15,"['FF_10M_10', 'DD_10_sin', 'DD_10_cos', 'DDN_10_sin', 'DDN_10_cos', 'DD_STD_10_sin', 'DD_STD_10_cos', 'DDX_10_sin', 'DDX_10_cos', 'FF_SENSOR_10', 'FF_10M_STD_10', 'FX_SENSOR_10', 'Q_GLOB_10', 'QN_GLOB_10', 'QX_GLOB_10', 'SQ_10']",3,1,1,haar,64,5,same,1,relu,True,7,False,100,0.2,relu,Adam,0.008845944522265479,0.05194357819381462,0.033876721711788335,8919,5058,517.15
16,16,[],3,1,2,haar,64,5,same,1,relu,True,5,False,100,0.2,relu,Adam,0.009395291755770276,0.05141740466697562,0.033806477670648656,9149,5070,731.02
17,17,"['FF_10M_10', 'DD_10_sin', 'DD_10_cos', 'DDN_10_sin', 'DDN_10_cos', 'DD_STD_10_sin', 'DD_STD_10_cos', 'DDX_10_sin', 'DDX_10_cos', 'FF_SENSOR_10', 'FF_10M_STD_10', 'FX_SENSOR_10']",3,1,2,haar,64,5,same,1,relu,True,5,False,100,0.2,relu,Adam,0.009626634378673346,0.051264049796476654,0.033746741061404385,8944,5061,745.19
18,18,"['Q_GLOB_10', 'QN_GLOB_10', 'QX_GLOB_10', 'SQ_10']",3,1,2,haar,64,5,same,1,relu,True,5,False,100,0.2,relu,Adam,0.00842950327922633,0.04880725958098632,0.0317711627461023,8937,5058,719.15
19,19,"['FF_10M_10', 'DD_10_sin', 'DD_10_cos', 'DDN_10_sin', 'DDN_10_cos', 'DD_STD_10_sin', 'DD_STD_10_cos', 'DDX_10_sin', 'DDX_10_cos', 'FF_SENSOR_10', 'FF_10M_STD_10', 'FX_SENSOR_10', 'Q_GLOB_10', 'QN_GLOB_10', 'QX_GLOB_10', 'SQ_10']",3,1,2,haar,64,5,same,1,relu,True,5,False,100,0.2,relu,Adam,0.008235391460319163,0.04902828853315453,0.031869985702911725,8919,5058,745.4
20,20,[],3,1,2,haar,64,5,same,1,relu,True,7,False,100,0.2,relu,Adam,0.011261383226921249,0.05833989396082439,0.03847201489138401,9149,5070,725.07
21,21,"['FF_10M_10', 'DD_10_sin', 'DD_10_cos', 'DDN_10_sin', 'DDN_10_cos', 'DD_STD_10_sin', 'DD_STD_10_cos', 'DDX_10_sin', 'DDX_10_cos', 'FF_SENSOR_10', 'FF_10M_STD_10', 'FX_SENSOR_10']",3,1,2,haar,64,5,same,1,relu,True,7,False,100,0.2,relu,Adam,0.011220216644547601,0.05929780105148439,0.03920229517952489,8944,5061,744.8
22,22,"['Q_GLOB_10', 'QN_GLOB_10', 'QX_GLOB_10', 'SQ_10']",3,1,2,haar,64,5,same,1,relu,True,7,False,100,0.2,relu,Adam,0.010056569004830214,0.055785189658730264,0.03659414320158515,8937,5058,720.3
23,23,"['FF_10M_10', 'DD_10_sin', 'DD_10_cos', 'DDN_10_sin', 'DDN_10_cos', 'DD_STD_10_sin', 'DD_STD_10_cos', 'DDX_10_sin', 'DDX_10_cos', 'FF_SENSOR_10', 'FF_10M_STD_10', 'FX_SENSOR_10', 'Q_GLOB_10', 'QN_GLOB_10', 'QX_GLOB_10', 'SQ_10']",3,1,2,haar,64,5,same,1,relu,True,7,False,100,0.2,relu,Adam,0.010315483219604751,0.05791079505170114,0.03796578649004541,8919,5058,750.14
24,24,[],3,1,3,haar,64,5,same,1,relu,True,5,False,100,0.2,relu,Adam,0.021359460086150316,0.08867910850117099,0.05965863778515535,9149,5070,955.83
25,25,"['FF_10M_10', 'DD_10_sin', 'DD_10_cos', 'DDN_10_sin', 'DDN_10_cos', 'DD_STD_10_sin', 'DD_STD_10_cos', 'DDX_10_sin', 'DDX_10_cos', 'FF_SENSOR_10', 'FF_10M_STD_10', 'FX_SENSOR_10']",3,1,3,haar,64,5,same,1,relu,True,5,False,100,0.2,relu,Adam,0.02026973571271673,0.0851491682348769,0.057330395416980706,8944,5061,969.39
26,26,"['Q_GLOB_10', 'QN_GLOB_10', 'QX_GLOB_10', 'SQ_10']",3,1,3,haar,64,5,same,1,relu,True,5,False,100,0.2,relu,Adam,0.019625795547573623,0.08322690642827646,0.05580974714335871,8937,5058,935.75
27,27,"['FF_10M_10', 'DD_10_sin', 'DD_10_cos', 'DDN_10_sin', 'DDN_10_cos', 'DD_STD_10_sin', 'DD_STD_10_cos', 'DDX_10_sin', 'DDX_10_cos', 'FF_SENSOR_10', 'FF_10M_STD_10', 'FX_SENSOR_10', 'Q_GLOB_10', 'QN_GLOB_10', 'QX_GLOB_10', 'SQ_10']",3,1,3,haar,64,5,same,1,relu,True,5,False,100,0.2,relu,Adam,0.020380600817396226,0.08838983320097246,0.059294610859745446,8919,5058,980.03
28,28,[],3,1,3,haar,64,5,same,1,relu,True,7,False,100,0.2,relu,Adam,0.01979484522825812,0.08890307481759782,0.05982834275382436,9149,5070,1014.44
29,29,"['FF_10M_10', 'DD_10_sin', 'DD_10_cos', 'DDN_10_sin', 'DDN_10_cos', 'DD_STD_10_sin', 'DD_STD_10_cos', 'DDX_10_sin', 'DDX_10_cos', 'FF_SENSOR_10', 'FF_10M_STD_10', 'FX_SENSOR_10']",3,1,3,haar,64,5,same,1,relu,True,7,False,100,0.2,relu,Adam,0.019711455225184867,0.08455282754063799,0.056848622393635605,8944,5061,1117.92
30,30,"['Q_GLOB_10', 'QN_GLOB_10', 'QX_GLOB_10', 'SQ_10']",3,1,3,haar,64,5,same,1,relu,True,7,False,100,0.2,relu,Adam,0.019470690878505472,0.08411132827227868,0.05630066976957075,8937,5058,1096.51
31,31,"['FF_10M_10', 'DD_10_sin', 'DD_10_cos', 'DDN_10_sin', 'DDN_10_cos', 'DD_STD_10_sin', 'DD_STD_10_cos', 'DDX_10_sin', 'DDX_10_cos', 'FF_SENSOR_10', 'FF_10M_STD_10', 'FX_SENSOR_10', 'Q_GLOB_10', 'QN_GLOB_10', 'QX_GLOB_10', 'SQ_10']",3,1,3,haar,64,5,same,1,relu,True,7,False,100,0.2,relu,Adam,0.019764515970641508,0.08269047039114415,0.05548635995656911,8919,5058,1019.62
32,32,[],3,1,4,haar,64,5,same,1,relu,True,5,False,100,0.2,relu,Adam,0.020110349730398602,0.08476061205863826,0.057166346759279736,9149,5070,1171.97
33,33,"['FF_10M_10', 'DD_10_sin', 'DD_10_cos', 'DDN_10_sin', 'DDN_10_cos', 'DD_STD_10_sin', 'DD_STD_10_cos', 'DDX_10_sin', 'DDX_10_cos', 'FF_SENSOR_10', 'FF_10M_STD_10', 'FX_SENSOR_10']",3,1,4,haar,64,5,same,1,relu,True,5,False,100,0.2,relu,Adam,0.020600584206977482,0.08570657199920143,0.05775202236158916,8944,5061,1210.86
34,34,"['Q_GLOB_10', 'QN_GLOB_10', 'QX_GLOB_10', 'SQ_10']",3,1,4,haar,64,5,same,1,relu,True,5,False,100,0.2,relu,Adam,0.018857687610430073,0.08417800077229964,0.05649855814897619,8937,5058,1155.08
35,35,"['FF_10M_10', 'DD_10_sin', 'DD_10_cos', 'DDN_10_sin', 'DDN_10_cos', 'DD_STD_10_sin', 'DD_STD_10_cos', 'DDX_10_sin', 'DDX_10_cos', 'FF_SENSOR_10', 'FF_10M_STD_10', 'FX_SENSOR_10', 'Q_GLOB_10', 'QN_GLOB_10', 'QX_GLOB_10', 'SQ_10']",3,1,4,haar,64,5,same,1,relu,True,5,False,100,0.2,relu,Adam,0.01959386675864487,0.0839476596249987,0.0562942777881276,8919,5058,1202.49
36,36,[],3,1,4,haar,64,5,same,1,relu,True,7,False,100,0.2,relu,Adam,0.02144061511381298,0.08888983814653054,0.06000993347613597,9149,5070,1184.49
37,37,"['FF_10M_10', 'DD_10_sin', 'DD_10_cos', 'DDN_10_sin', 'DDN_10_cos', 'DD_STD_10_sin', 'DD_STD_10_cos', 'DDX_10_sin', 'DDX_10_cos', 'FF_SENSOR_10', 'FF_10M_STD_10', 'FX_SENSOR_10']",3,1,4,haar,64,5,same,1,relu,True,7,False,100,0.2,relu,Adam,0.02230592177714988,0.08901010268215251,0.06009331699207025,8944,5061,1201.4
38,38,"['Q_GLOB_10', 'QN_GLOB_10', 'QX_GLOB_10', 'SQ_10']",3,1,4,haar,64,5,same,1,relu,True,7,False,100,0.2,relu,Adam,0.020434021154405083,0.08985567838593107,0.060471672118336504,8937,5058,1174.49
39,39,"['FF_10M_10', 'DD_10_sin', 'DD_10_cos', 'DDN_10_sin', 'DDN_10_cos', 'DD_STD_10_sin', 'DD_STD_10_cos', 'DDX_10_sin', 'DDX_10_cos', 'FF_SENSOR_10', 'FF_10M_STD_10', 'FX_SENSOR_10', 'Q_GLOB_10', 'QN_GLOB_10', 'QX_GLOB_10', 'SQ_10']",3,1,4,haar,64,5,same,1,relu,True,7,False,100,0.2,relu,Adam,0.021179990776118866,0.08944487253593673,0.06018603673147561,8919,5058,2959.43
40,40,[],3,1,0,haar,64,7,same,1,relu,True,5,False,100,0.2,relu,Adam,0.008676244667666273,0.0484821047258816,0.03188233936110306,9149,5070,250.69
41,41,"['FF_10M_10', 'DD_10_sin', 'DD_10_cos', 'DDN_10_sin', 'DDN_10_cos', 'DD_STD_10_sin', 'DD_STD_10_cos', 'DDX_10_sin', 'DDX_10_cos', 'FF_SENSOR_10', 'FF_10M_STD_10', 'FX_SENSOR_10']",3,1,0,haar,64,7,same,1,relu,True,5,False,100,0.2,relu,Adam,0.008896436094371853,0.0506516052130396,0.03332853662647047,8944,5061,270.18
42,42,"['Q_GLOB_10', 'QN_GLOB_10', 'QX_GLOB_10', 'SQ_10']",3,1,0,haar,64,7,same,1,relu,True,5,False,100,0.2,relu,Adam,0.007991216264046135,0.048398450130480254,0.0315713049345036,8937,5058,246.5
43,43,"['FF_10M_10', 'DD_10_sin', 'DD_10_cos', 'DDN_10_sin', 'DDN_10_cos', 'DD_STD_10_sin', 'DD_STD_10_cos', 'DDX_10_sin', 'DDX_10_cos', 'FF_SENSOR_10', 'FF_10M_STD_10', 'FX_SENSOR_10', 'Q_GLOB_10', 'QN_GLOB_10', 'QX_GLOB_10', 'SQ_10']",3,1,0,haar,64,7,same,1,relu,True,5,False,100,0.2,relu,Adam,0.008179668535730648,0.04819172238045171,0.031558973565634516,8919,5058,275.46
44,44,[],3,1,0,haar,64,7,same,1,relu,True,7,False,100,0.2,relu,Adam,0.008885957482660859,0.04987112128190008,0.03277053505601351,9149,5070,246.82
45,45,"['FF_10M_10', 'DD_10_sin', 'DD_10_cos', 'DDN_10_sin', 'DDN_10_cos', 'DD_STD_10_sin', 'DD_STD_10_cos', 'DDX_10_sin', 'DDX_10_cos', 'FF_SENSOR_10', 'FF_10M_STD_10', 'FX_SENSOR_10']",3,1,0,haar,64,7,same,1,relu,True,7,False,100,0.2,relu,Adam,0.008816894318620152,0.05070508894062392,0.0334382268104723,8944,5061,270.71
46,46,"['Q_GLOB_10', 'QN_GLOB_10', 'QX_GLOB_10', 'SQ_10']",3,1,0,haar,64,7,same,1,relu,True,7,False,100,0.2,relu,Adam,0.00802394419548405,0.04664647536785714,0.03040032488437711,8937,5058,245.39
47,47,"['FF_10M_10', 'DD_10_sin', 'DD_10_cos', 'DDN_10_sin', 'DDN_10_cos', 'DD_STD_10_sin', 'DD_STD_10_cos', 'DDX_10_sin', 'DDX_10_cos', 'FF_SENSOR_10', 'FF_10M_STD_10', 'FX_SENSOR_10', 'Q_GLOB_10', 'QN_GLOB_10', 'QX_GLOB_10', 'SQ_10']",3,1,0,haar,64,7,same,1,relu,True,7,False,100,0.2,relu,Adam,0.007919926201090782,0.04799167783225845,0.031219010835265043,8919,5058,276.37
48,48,[],3,1,1,haar,64,7,same,1,relu,True,5,False,100,0.2,relu,Adam,0.008767767092521809,0.04801203341579932,0.0316919405045619,9149,5070,477.54
49,49,"['FF_10M_10', 'DD_10_sin', 'DD_10_cos', 'DDN_10_sin', 'DDN_10_cos', 'DD_STD_10_sin', 'DD_STD_10_cos', 'DDX_10_sin', 'DDX_10_cos', 'FF_SENSOR_10', 'FF_10M_STD_10', 'FX_SENSOR_10']",3,1,1,haar,64,7,same,1,relu,True,5,False,100,0.2,relu,Adam,0.009068550661272125,0.04997394602942576,0.03303295657326754,8944,5061,513.28
50,50,"['Q_GLOB_10', 'QN_GLOB_10', 'QX_GLOB_10', 'SQ_10']",3,1,1,haar,64,7,same,1,relu,True,5,False,100,0.2,relu,Adam,0.008263995268277036,0.0488622374560982,0.032073014972264606,8937,5058,483.98
51,51,"['FF_10M_10', 'DD_10_sin', 'DD_10_cos', 'DDN_10_sin', 'DDN_10_cos', 'DD_STD_10_sin', 'DD_STD_10_cos', 'DDX_10_sin', 'DDX_10_cos', 'FF_SENSOR_10', 'FF_10M_STD_10', 'FX_SENSOR_10', 'Q_GLOB_10', 'QN_GLOB_10', 'QX_GLOB_10', 'SQ_10']",3,1,1,haar,64,7,same,1,relu,True,5,False,100,0.2,relu,Adam,0.00784923410502588,0.04776505485107293,0.03101220749604167,8919,5058,516.01
52,52,[],3,1,1,haar,64,7,same,1,relu,True,7,False,100,0.2,relu,Adam,0.008577709762283853,0.04789911688503848,0.03150593415441782,9149,5070,482.31
53,53,"['FF_10M_10', 'DD_10_sin', 'DD_10_cos', 'DDN_10_sin', 'DDN_10_cos', 'DD_STD_10_sin', 'DD_STD_10_cos', 'DDX_10_sin', 'DDX_10_cos', 'FF_SENSOR_10', 'FF_10M_STD_10', 'FX_SENSOR_10']",3,1,1,haar,64,7,same,1,relu,True,7,False,100,0.2,relu,Adam,0.008551322081488628,0.04851370707531419,0.031820472601743977,8944,5061,512.87
54,54,"['Q_GLOB_10', 'QN_GLOB_10', 'QX_GLOB_10', 'SQ_10']",3,1,1,haar,64,7,same,1,relu,True,7,False,100,0.2,relu,Adam,0.008217557056058632,0.048934286395870996,0.031954634205096734,8937,5058,472.29
55,55,"['FF_10M_10', 'DD_10_sin', 'DD_10_cos', 'DDN_10_sin', 'DDN_10_cos', 'DD_STD_10_sin', 'DD_STD_10_cos', 'DDX_10_sin', 'DDX_10_cos', 'FF_SENSOR_10', 'FF_10M_STD_10', 'FX_SENSOR_10', 'Q_GLOB_10', 'QN_GLOB_10', 'QX_GLOB_10', 'SQ_10']",3,1,1,haar,64,7,same,1,relu,True,7,False,100,0.2,relu,Adam,0.008116869513931417,0.04738276031581755,0.03098063987392039,8919,5058,521.38
56,56,[],3,1,2,haar,64,7,same,1,relu,True,5,False,100,0.2,relu,Adam,0.00914087424896853,0.049572354429823176,0.032583402708475755,9149,5070,729.2
57,57,"['FF_10M_10', 'DD_10_sin', 'DD_10_cos', 'DDN_10_sin', 'DDN_10_cos', 'DD_STD_10_sin', 'DD_STD_10_cos', 'DDX_10_sin', 'DDX_10_cos', 'FF_SENSOR_10', 'FF_10M_STD_10', 'FX_SENSOR_10']",3,1,2,haar,64,7,same,1,relu,True,5,False,100,0.2,relu,Adam,0.009311555130830653,0.05131756486693555,0.03370606861674652,8944,5061,747.11
58,58,"['Q_GLOB_10', 'QN_GLOB_10', 'QX_GLOB_10', 'SQ_10']",3,1,2,haar,64,7,same,1,relu,True,5,False,100,0.2,relu,Adam,0.008212402404683416,0.04828339051568056,0.03137717084463534,8937,5058,721.98
59,59,"['FF_10M_10', 'DD_10_sin', 'DD_10_cos', 'DDN_10_sin', 'DDN_10_cos', 'DD_STD_10_sin', 'DD_STD_10_cos', 'DDX_10_sin', 'DDX_10_cos', 'FF_SENSOR_10', 'FF_10M_STD_10', 'FX_SENSOR_10', 'Q_GLOB_10', 'QN_GLOB_10', 'QX_GLOB_10', 'SQ_10']",3,1,2,haar,64,7,same,1,relu,True,5,False,100,0.2,relu,Adam,0.008187568323634858,0.048462060792357105,0.031377940295030625,8919,5058,752.13
60,60,[],3,1,2,haar,64,7,same,1,relu,True,7,False,100,0.2,relu,Adam,0.010188732411564571,0.05558914995690217,0.03655322324028739,9149,5070,737.53
61,61,"['FF_10M_10', 'DD_10_sin', 'DD_10_cos', 'DDN_10_sin', 'DDN_10_cos', 'DD_STD_10_sin', 'DD_STD_10_cos', 'DDX_10_sin', 'DDX_10_cos', 'FF_SENSOR_10', 'FF_10M_STD_10', 'FX_SENSOR_10']",3,1,2,haar,64,7,same,1,relu,True,7,False,100,0.2,relu,Adam,0.00992280852766076,0.05443753749043327,0.03570608071120793,8944,5061,742.63
62,62,"['Q_GLOB_10', 'QN_GLOB_10', 'QX_GLOB_10', 'SQ_10']",3,1,2,haar,64,7,same,1,relu,True,7,False,100,0.2,relu,Adam,0.009140844046140104,0.05322858386877249,0.03470391350947797,8937,5058,714.79
63,63,"['FF_10M_10', 'DD_10_sin', 'DD_10_cos', 'DDN_10_sin', 'DDN_10_cos', 'DD_STD_10_sin', 'DD_STD_10_cos', 'DDX_10_sin', 'DDX_10_cos', 'FF_SENSOR_10', 'FF_10M_STD_10', 'FX_SENSOR_10', 'Q_GLOB_10', 'QN_GLOB_10', 'QX_GLOB_10', 'SQ_10']",3,1,2,haar,64,7,same,1,relu,True,7,False,100,0.2,relu,Adam,0.009222566210675224,0.05353559745527158,0.034926618809872,8919,5058,748.86
64,64,[],3,1,3,haar,64,7,same,1,relu,True,5,False,100,0.2,relu,Adam,0.020768538363285988,0.08514766008473415,0.05732640036554282,9149,5070,979.17
65,65,"['FF_10M_10', 'DD_10_sin', 'DD_10_cos', 'DDN_10_sin', 'DDN_10_cos', 'DD_STD_10_sin', 'DD_STD_10_cos', 'DDX_10_sin', 'DDX_10_cos', 'FF_SENSOR_10', 'FF_10M_STD_10', 'FX_SENSOR_10']",3,1,3,haar,64,7,same,1,relu,True,5,False,100,0.2,relu,Adam,0.0202256777523074,0.08480499305745684,0.057032745801170924,8944,5061,979.33
66,66,"['Q_GLOB_10', 'QN_GLOB_10', 'QX_GLOB_10', 'SQ_10']",3,1,3,haar,64,7,same,1,relu,True,5,False,100,0.2,relu,Adam,0.019670534989296093,0.08314543093570342,0.055717186017897435,8937,5058,959.69
67,67,"['FF_10M_10', 'DD_10_sin', 'DD_10_cos', 'DDN_10_sin', 'DDN_10_cos', 'DD_STD_10_sin', 'DD_STD_10_cos', 'DDX_10_sin', 'DDX_10_cos', 'FF_SENSOR_10', 'FF_10M_STD_10', 'FX_SENSOR_10', 'Q_GLOB_10', 'QN_GLOB_10', 'QX_GLOB_10', 'SQ_10']",3,1,3,haar,64,7,same,1,relu,True,5,False,100,0.2,relu,Adam,0.019584104081935415,0.08541099877037853,0.0572344435245446,8919,5058,993.03
68,68,[],3,1,3,haar,64,7,same,1,relu,True,7,False,100,0.2,relu,Adam,0.020660501595683767,0.08483306149896139,0.057124518020732935,9149,5070,978.8
69,69,"['FF_10M_10', 'DD_10_sin', 'DD_10_cos', 'DDN_10_sin', 'DDN_10_cos', 'DD_STD_10_sin', 'DD_STD_10_cos', 'DDX_10_sin', 'DDX_10_cos', 'FF_SENSOR_10', 'FF_10M_STD_10', 'FX_SENSOR_10']",3,1,3,haar,64,7,same,1,relu,True,7,False,100,0.2,relu,Adam,0.020073332925252152,0.08308125934619898,0.05582711262490985,8944,5061,975.01
70,70,"['Q_GLOB_10', 'QN_GLOB_10', 'QX_GLOB_10', 'SQ_10']",3,1,3,haar,64,7,same,1,relu,True,7,False,100,0.2,relu,Adam,0.01932372071041216,0.08326465461151833,0.05573296617535266,8937,5058,953.92
71,71,"['FF_10M_10', 'DD_10_sin', 'DD_10_cos', 'DDN_10_sin', 'DDN_10_cos', 'DD_STD_10_sin', 'DD_STD_10_cos', 'DDX_10_sin', 'DDX_10_cos', 'FF_SENSOR_10', 'FF_10M_STD_10', 'FX_SENSOR_10', 'Q_GLOB_10', 'QN_GLOB_10', 'QX_GLOB_10', 'SQ_10']",3,1,3,haar,64,7,same,1,relu,True,7,False,100,0.2,relu,Adam,0.01996603113572297,0.08520194625548025,0.05700672537534797,8919,5058,980.46
72,72,[],3,1,4,haar,64,7,same,1,relu,True,5,False,100,0.2,relu,Adam,0.020487873353998057,0.08483353490182383,0.057150034482545777,9149,5070,1205.3
73,73,"['FF_10M_10', 'DD_10_sin', 'DD_10_cos', 'DDN_10_sin', 'DDN_10_cos', 'DD_STD_10_sin', 'DD_STD_10_cos', 'DDX_10_sin', 'DDX_10_cos', 'FF_SENSOR_10', 'FF_10M_STD_10', 'FX_SENSOR_10']",3,1,4,haar,64,7,same,1,relu,True,5,False,100,0.2,relu,Adam,0.020368580339056475,0.08487648918725721,0.05711645205004879,8944,5061,1219.8
74,74,"['Q_GLOB_10', 'QN_GLOB_10', 'QX_GLOB_10', 'SQ_10']",3,1,4,haar,64,7,same,1,relu,True,5,False,100,0.2,relu,Adam,0.018797114366800035,0.08357005747044707,0.05612458638805269,8937,5058,1188.25
75,75,"['FF_10M_10', 'DD_10_sin', 'DD_10_cos', 'DDN_10_sin', 'DDN_10_cos', 'DD_STD_10_sin', 'DD_STD_10_cos', 'DDX_10_sin', 'DDX_10_cos', 'FF_SENSOR_10', 'FF_10M_STD_10', 'FX_SENSOR_10', 'Q_GLOB_10', 'QN_GLOB_10', 'QX_GLOB_10', 'SQ_10']",3,1,4,haar,64,7,same,1,relu,True,5,False,100,0.2,relu,Adam,0.020162296357467132,0.08791460097169379,0.05922190992496311,8919,5058,1227.94
76,76,[],3,1,4,haar,64,7,same,1,relu,True,7,False,100,0.2,relu,Adam,0.019993033061622444,0.08397814655991029,0.05651627320759719,9149,5070,1211.96
77,77,"['FF_10M_10', 'DD_10_sin', 'DD_10_cos', 'DDN_10_sin', 'DDN_10_cos', 'DD_STD_10_sin', 'DD_STD_10_cos', 'DDX_10_sin', 'DDX_10_cos', 'FF_SENSOR_10', 'FF_10M_STD_10', 'FX_SENSOR_10']",3,1,4,haar,64,7,same,1,relu,True,7,False,100,0.2,relu,Adam,0.020014158074186186,0.08541974750623697,0.05754709738425735,8944,5061,1210.41
78,78,"['Q_GLOB_10', 'QN_GLOB_10', 'QX_GLOB_10', 'SQ_10']",3,1,4,haar,64,7,same,1,relu,True,7,False,100,0.2,relu,Adam,0.01978061181176332,0.08385406837254558,0.056350536482924714,8937,5058,1188.71
79,79,"['FF_10M_10', 'DD_10_sin', 'DD_10_cos', 'DDN_10_sin', 'DDN_10_cos', 'DD_STD_10_sin', 'DD_STD_10_cos', 'DDX_10_sin', 'DDX_10_cos', 'FF_SENSOR_10', 'FF_10M_STD_10', 'FX_SENSOR_10', 'Q_GLOB_10', 'QN_GLOB_10', 'QX_GLOB_10', 'SQ_10']",3,1,4,haar,64,7,same,1,relu,True,7,False,100,0.2,relu,Adam,0.019564159659165727,0.08515731149939275,0.05724383862487809,8919,5058,1198.73
80,80,[],5,1,0,haar,64,5,same,1,relu,True,5,False,100,0.2,relu,Adam,0.008760355491673862,0.05001782258332024,0.032755551867505166,8905,5056,246.03
81,81,"['FF_10M_10', 'DD_10_sin', 'DD_10_cos', 'DDN_10_sin', 'DDN_10_cos', 'DD_STD_10_sin', 'DD_STD_10_cos', 'DDX_10_sin', 'DDX_10_cos', 'FF_SENSOR_10', 'FF_10M_STD_10', 'FX_SENSOR_10']",5,1,0,haar,64,5,same,1,relu,True,5,False,100,0.2,relu,Adam,0.009338544296647898,0.05154417053538496,0.03397643953315922,8697,5045,283.2
82,82,"['Q_GLOB_10', 'QN_GLOB_10', 'QX_GLOB_10', 'SQ_10']",5,1,0,haar,64,5,same,1,relu,True,5,False,100,0.2,relu,Adam,0.008197679327886516,0.04722897376218978,0.030848773368384173,8690,5040,257.9
83,83,"['FF_10M_10', 'DD_10_sin', 'DD_10_cos', 'DDN_10_sin', 'DDN_10_cos', 'DD_STD_10_sin', 'DD_STD_10_cos', 'DDX_10_sin', 'DDX_10_cos', 'FF_SENSOR_10', 'FF_10M_STD_10', 'FX_SENSOR_10', 'Q_GLOB_10', 'QN_GLOB_10', 'QX_GLOB_10', 'SQ_10']",5,1,0,haar,64,5,same,1,relu,True,5,False,100,0.2,relu,Adam,0.008127468245271021,0.0489465262715105,0.031963671554001705,8670,5040,282.84
84,84,[],5,1,0,haar,64,5,same,1,relu,True,7,False,100,0.2,relu,Adam,0.01069104896431373,0.057816332931809156,0.038146548641198215,8905,5056,247.63
85,85,"['FF_10M_10', 'DD_10_sin', 'DD_10_cos', 'DDN_10_sin', 'DDN_10_cos', 'DD_STD_10_sin', 'DD_STD_10_cos', 'DDX_10_sin', 'DDX_10_cos', 'FF_SENSOR_10', 'FF_10M_STD_10', 'FX_SENSOR_10']",5,1,0,haar,64,5,same,1,relu,True,7,False,100,0.2,relu,Adam,0.01055774225766417,0.057617047635599744,0.03799472208146017,8697,5045,280.84
86,86,"['Q_GLOB_10', 'QN_GLOB_10', 'QX_GLOB_10', 'SQ_10']",5,1,0,haar,64,5,same,1,relu,True,7,False,100,0.2,relu,Adam,0.009521177683205189,0.0539478858096413,0.03551245662192618,8690,5040,248.6
87,87,"['FF_10M_10', 'DD_10_sin', 'DD_10_cos', 'DDN_10_sin', 'DDN_10_cos', 'DD_STD_10_sin', 'DD_STD_10_cos', 'DDX_10_sin', 'DDX_10_cos', 'FF_SENSOR_10', 'FF_10M_STD_10', 'FX_SENSOR_10', 'Q_GLOB_10', 'QN_GLOB_10', 'QX_GLOB_10', 'SQ_10']",5,1,0,haar,64,5,same,1,relu,True,7,False,100,0.2,relu,Adam,0.009335514360263576,0.053445759610011495,0.03501056371037804,8670,5040,282.48
88,88,[],5,1,1,haar,64,5,same,1,relu,True,5,False,100,0.2,relu,Adam,0.009128498109362754,0.05143782005815553,0.03384556383259033,8905,5056,486.75
89,89,"['FF_10M_10', 'DD_10_sin', 'DD_10_cos', 'DDN_10_sin', 'DDN_10_cos', 'DD_STD_10_sin', 'DD_STD_10_cos', 'DDX_10_sin', 'DDX_10_cos', 'FF_SENSOR_10', 'FF_10M_STD_10', 'FX_SENSOR_10']",5,1,1,haar,64,5,same,1,relu,True,5,False,100,0.2,relu,Adam,0.00939968738522462,0.051717670060305435,0.034213719628552235,8697,5045,527.72
90,90,"['Q_GLOB_10', 'QN_GLOB_10', 'QX_GLOB_10', 'SQ_10']",5,1,1,haar,64,5,same,1,relu,True,5,False,100,0.2,relu,Adam,0.0082972516636978,0.0472336931320145,0.03091538511677927,8690,5040,463.44
91,91,"['FF_10M_10', 'DD_10_sin', 'DD_10_cos', 'DDN_10_sin', 'DDN_10_cos', 'DD_STD_10_sin', 'DD_STD_10_cos', 'DDX_10_sin', 'DDX_10_cos', 'FF_SENSOR_10', 'FF_10M_STD_10', 'FX_SENSOR_10', 'Q_GLOB_10', 'QN_GLOB_10', 'QX_GLOB_10', 'SQ_10']",5,1,1,haar,64,5,same,1,relu,True,5,False,100,0.2,relu,Adam,0.008009070069464354,0.04657155121502668,0.030481701108607394,8670,5040,510.31
92,92,[],5,1,1,haar,64,5,same,1,relu,True,7,False,100,0.2,relu,Adam,0.011607192847584298,0.059933874131572265,0.03978460850454643,8905,5056,470.3
93,93,"['FF_10M_10', 'DD_10_sin', 'DD_10_cos', 'DDN_10_sin', 'DDN_10_cos', 'DD_STD_10_sin', 'DD_STD_10_cos', 'DDX_10_sin', 'DDX_10_cos', 'FF_SENSOR_10', 'FF_10M_STD_10', 'FX_SENSOR_10']",5,1,1,haar,64,5,same,1,relu,True,7,False,100,0.2,relu,Adam,0.01116053553957522,0.05981815294727272,0.03946658449386929,8697,5045,516.57
94,94,"['Q_GLOB_10', 'QN_GLOB_10', 'QX_GLOB_10', 'SQ_10']",5,1,1,haar,64,5,same,1,relu,True,7,False,100,0.2,relu,Adam,0.010531511597897412,0.05646599732688283,0.03722424328997458,8690,5040,454.8
95,95,"['FF_10M_10', 'DD_10_sin', 'DD_10_cos', 'DDN_10_sin', 'DDN_10_cos', 'DD_STD_10_sin', 'DD_STD_10_cos', 'DDX_10_sin', 'DDX_10_cos', 'FF_SENSOR_10', 'FF_10M_STD_10', 'FX_SENSOR_10', 'Q_GLOB_10', 'QN_GLOB_10', 'QX_GLOB_10', 'SQ_10']",5,1,1,haar,64,5,same,1,relu,True,7,False,100,0.2,relu,Adam,0.010655193125806268,0.05726754987627879,0.03779629075930363,8670,5040,509.16
96,96,[],5,1,2,haar,64,5,same,1,relu,True,5,False,100,0.2,relu,Adam,0.009761923773749199,0.05270533713441533,0.034717082168815014,8905,5056,704.78
97,97,"['FF_10M_10', 'DD_10_sin', 'DD_10_cos', 'DDN_10_sin', 'DDN_10_cos', 'DD_STD_10_sin', 'DD_STD_10_cos', 'DDX_10_sin', 'DDX_10_cos', 'FF_SENSOR_10', 'FF_10M_STD_10', 'FX_SENSOR_10']",5,1,2,haar,64,5,same,1,relu,True,5,False,100,0.2,relu,Adam,0.010042480899024788,0.05359624510199716,0.03541139811148322,8697,5045,744.2
98,98,"['Q_GLOB_10', 'QN_GLOB_10', 'QX_GLOB_10', 'SQ_10']",5,1,2,haar,64,5,same,1,relu,True,5,False,100,0.2,relu,Adam,0.008686367831750206,0.048665822579690224,0.03185635876162235,8690,5040,674.71
99,99,"['FF_10M_10', 'DD_10_sin', 'DD_10_cos', 'DDN_10_sin', 'DDN_10_cos', 'DD_STD_10_sin', 'DD_STD_10_cos', 'DDX_10_sin', 'DDX_10_cos', 'FF_SENSOR_10', 'FF_10M_STD_10', 'FX_SENSOR_10', 'Q_GLOB_10', 'QN_GLOB_10', 'QX_GLOB_10', 'SQ_10']",5,1,2,haar,64,5,same,1,relu,True,5,False,100,0.2,relu,Adam,0.008667866678098997,0.04904624794599264,0.03196207997493355,8670,5040,740.97
100,100,[],5,1,2,haar,64,5,same,1,relu,True,7,False,100,0.2,relu,Adam,0.010438205617681866,0.0553060058336744,0.03668857747295492,8905,5056,700.6
101,101,"['FF_10M_10', 'DD_10_sin', 'DD_10_cos', 'DDN_10_sin', 'DDN_10_cos', 'DD_STD_10_sin', 'DD_STD_10_cos', 'DDX_10_sin', 'DDX_10_cos', 'FF_SENSOR_10', 'FF_10M_STD_10', 'FX_SENSOR_10']",5,1,2,haar,64,5,same,1,relu,True,7,False,100,0.2,relu,Adam,0.009918514091463732,0.05366401932916408,0.03542283962315974,8697,5045,733.41
102,102,"['Q_GLOB_10', 'QN_GLOB_10', 'QX_GLOB_10', 'SQ_10']",5,1,2,haar,64,5,same,1,relu,True,7,False,100,0.2,relu,Adam,0.008889634112575227,0.05020478009647995,0.03282505303569688,8690,5040,673.99
103,103,"['FF_10M_10', 'DD_10_sin', 'DD_10_cos', 'DDN_10_sin', 'DDN_10_cos', 'DD_STD_10_sin', 'DD_STD_10_cos', 'DDX_10_sin', 'DDX_10_cos', 'FF_SENSOR_10', 'FF_10M_STD_10', 'FX_SENSOR_10', 'Q_GLOB_10', 'QN_GLOB_10', 'QX_GLOB_10', 'SQ_10']",5,1,2,haar,64,5,same,1,relu,True,7,False,100,0.2,relu,Adam,0.00862024237094385,0.05054979790810471,0.0329275089597926,8670,5040,744.92
104,104,[],5,1,3,haar,64,5,same,1,relu,True,5,False,100,0.2,relu,Adam,0.019480983896240648,0.0845824021335357,0.056738691488226564,8905,5056,906.79
105,105,"['FF_10M_10', 'DD_10_sin', 'DD_10_cos', 'DDN_10_sin', 'DDN_10_cos', 'DD_STD_10_sin', 'DD_STD_10_cos', 'DDX_10_sin', 'DDX_10_cos', 'FF_SENSOR_10', 'FF_10M_STD_10', 'FX_SENSOR_10']",5,1,3,haar,64,5,same,1,relu,True,5,False,100,0.2,relu,Adam,0.019746569072862513,0.08322650086891603,0.05593987626015907,8697,5045,973.55
106,106,"['Q_GLOB_10', 'QN_GLOB_10', 'QX_GLOB_10', 'SQ_10']",5,1,3,haar,64,5,same,1,relu,True,5,False,100,0.2,relu,Adam,0.018867224689396462,0.08160234142693439,0.05457573935656942,8690,5040,926.56
107,107,"['FF_10M_10', 'DD_10_sin', 'DD_10_cos', 'DDN_10_sin', 'DDN_10_cos', 'DD_STD_10_sin', 'DD_STD_10_cos', 'DDX_10_sin', 'DDX_10_cos', 'FF_SENSOR_10', 'FF_10M_STD_10', 'FX_SENSOR_10', 'Q_GLOB_10', 'QN_GLOB_10', 'QX_GLOB_10', 'SQ_10']",5,1,3,haar,64,5,same,1,relu,True,5,False,100,0.2,relu,Adam,0.019052167491678634,0.08276877069745248,0.0553230204609141,8670,5040,973.36
108,108,[],5,1,3,haar,64,5,same,1,relu,True,7,False,100,0.2,relu,Adam,0.02206809872755912,0.08901838029076684,0.06015962069309346,8905,5056,905.93
109,109,"['FF_10M_10', 'DD_10_sin', 'DD_10_cos', 'DDN_10_sin', 'DDN_10_cos', 'DD_STD_10_sin', 'DD_STD_10_cos', 'DDX_10_sin', 'DDX_10_cos', 'FF_SENSOR_10', 'FF_10M_STD_10', 'FX_SENSOR_10']",5,1,3,haar,64,5,same,1,relu,True,7,False,100,0.2,relu,Adam,0.021649288343059396,0.08767382667120695,0.05919436612154112,8697,5045,980.07
110,110,"['Q_GLOB_10', 'QN_GLOB_10', 'QX_GLOB_10', 'SQ_10']",5,1,3,haar,64,5,same,1,relu,True,7,False,100,0.2,relu,Adam,0.020330993890027124,0.08498056174825228,0.057162124954207784,8690,5040,920.38
111,111,"['FF_10M_10', 'DD_10_sin', 'DD_10_cos', 'DDN_10_sin', 'DDN_10_cos', 'DD_STD_10_sin', 'DD_STD_10_cos', 'DDX_10_sin', 'DDX_10_cos', 'FF_SENSOR_10', 'FF_10M_STD_10', 'FX_SENSOR_10', 'Q_GLOB_10', 'QN_GLOB_10', 'QX_GLOB_10', 'SQ_10']",5,1,3,haar,64,5,same,1,relu,True,7,False,100,0.2,relu,Adam,0.02057961345047744,0.08515771113180026,0.05726106221013295,8670,5040,974.35
112,112,[],5,1,4,haar,64,5,same,1,relu,True,5,False,100,0.2,relu,Adam,0.019506916650030442,0.08276156132431636,0.05559933681106013,8905,5056,1096.48
113,113,"['FF_10M_10', 'DD_10_sin', 'DD_10_cos', 'DDN_10_sin', 'DDN_10_cos', 'DD_STD_10_sin', 'DD_STD_10_cos', 'DDX_10_sin', 'DDX_10_cos', 'FF_SENSOR_10', 'FF_10M_STD_10', 'FX_SENSOR_10']",5,1,4,haar,64,5,same,1,relu,True,5,False,100,0.2,relu,Adam,0.019628125042323488,0.08369085373757959,0.056342958380519656,8697,5045,1207.3
114,114,"['Q_GLOB_10', 'QN_GLOB_10', 'QX_GLOB_10', 'SQ_10']",5,1,4,haar,64,5,same,1,relu,True,5,False,100,0.2,relu,Adam,0.018886787453536093,0.0815942724935534,0.0548265629049836,8690,5040,1154.13
115,115,"['FF_10M_10', 'DD_10_sin', 'DD_10_cos', 'DDN_10_sin', 'DDN_10_cos', 'DD_STD_10_sin', 'DD_STD_10_cos', 'DDX_10_sin', 'DDX_10_cos', 'FF_SENSOR_10', 'FF_10M_STD_10', 'FX_SENSOR_10', 'Q_GLOB_10', 'QN_GLOB_10', 'QX_GLOB_10', 'SQ_10']",5,1,4,haar,64,5,same,1,relu,True,5,False,100,0.2,relu,Adam,0.0621848003065185,0.14601812064740782,0.10023458621721058,8670,5040,1190.82
116,116,[],5,1,4,haar,64,5,same,1,relu,True,7,False,100,0.2,relu,Adam,0.024038588331912553,0.09275536038429918,0.06286080123349405,8905,5056,1091.93
117,117,"['FF_10M_10', 'DD_10_sin', 'DD_10_cos', 'DDN_10_sin', 'DDN_10_cos', 'DD_STD_10_sin', 'DD_STD_10_cos', 'DDX_10_sin', 'DDX_10_cos', 'FF_SENSOR_10', 'FF_10M_STD_10', 'FX_SENSOR_10']",5,1,4,haar,64,5,same,1,relu,True,7,False,100,0.2,relu,Adam,0.02382228370136539,0.09301731486328224,0.06306714419079226,8697,5045,1200.91
118,118,"['Q_GLOB_10', 'QN_GLOB_10', 'QX_GLOB_10', 'SQ_10']",5,1,4,haar,64,5,same,1,relu,True,7,False,100,0.2,relu,Adam,0.022292806624115417,0.08970144584823718,0.06052486404510149,8690,5040,1155.25
119,119,"['FF_10M_10', 'DD_10_sin', 'DD_10_cos', 'DDN_10_sin', 'DDN_10_cos', 'DD_STD_10_sin', 'DD_STD_10_cos', 'DDX_10_sin', 'DDX_10_cos', 'FF_SENSOR_10', 'FF_10M_STD_10', 'FX_SENSOR_10', 'Q_GLOB_10', 'QN_GLOB_10', 'QX_GLOB_10', 'SQ_10']",5,1,4,haar,64,5,same,1,relu,True,7,False,100,0.2,relu,Adam,0.022602999185312007,0.09069026165263883,0.061281573841504636,8670,5040,1196.1
120,120,[],5,1,0,haar,64,7,same,1,relu,True,5,False,100,0.2,relu,Adam,0.009123261490046308,0.05058604552841421,0.033301494831621335,8905,5056,252.6
121,121,"['FF_10M_10', 'DD_10_sin', 'DD_10_cos', 'DDN_10_sin', 'DDN_10_cos', 'DD_STD_10_sin', 'DD_STD_10_cos', 'DDX_10_sin', 'DDX_10_cos', 'FF_SENSOR_10', 'FF_10M_STD_10', 'FX_SENSOR_10']",5,1,0,haar,64,7,same,1,relu,True,5,False,100,0.2,relu,Adam,0.009344596662766214,0.05158051352358901,0.03395582500726415,8697,5045,282.29
122,122,"['Q_GLOB_10', 'QN_GLOB_10', 'QX_GLOB_10', 'SQ_10']",5,1,0,haar,64,7,same,1,relu,True,5,False,100,0.2,relu,Adam,0.008135116336930558,0.04728985609173346,0.03091128751725229,8690,5040,254.54
123,123,"['FF_10M_10', 'DD_10_sin', 'DD_10_cos', 'DDN_10_sin', 'DDN_10_cos', 'DD_STD_10_sin', 'DD_STD_10_cos', 'DDX_10_sin', 'DDX_10_cos', 'FF_SENSOR_10', 'FF_10M_STD_10', 'FX_SENSOR_10', 'Q_GLOB_10', 'QN_GLOB_10', 'QX_GLOB_10', 'SQ_10']",5,1,0,haar,64,7,same,1,relu,True,5,False,100,0.2,relu,Adam,0.008114111261957432,0.04736151927788512,0.031016230225593883,8670,5040,281.87
124,124,[],5,1,0,haar,64,7,same,1,relu,True,7,False,100,0.2,relu,Adam,0.009762145310428016,0.05378756430045557,0.03535364469686181,8905,5056,248.81
125,125,"['FF_10M_10', 'DD_10_sin', 'DD_10_cos', 'DDN_10_sin', 'DDN_10_cos', 'DD_STD_10_sin', 'DD_STD_10_cos', 'DDX_10_sin', 'DDX_10_cos', 'FF_SENSOR_10', 'FF_10M_STD_10', 'FX_SENSOR_10']",5,1,0,haar,64,7,same,1,relu,True,7,False,100,0.2,relu,Adam,0.00942115544472602,0.052959067010912346,0.034765792378036765,8697,5045,284.91
126,126,"['Q_GLOB_10', 'QN_GLOB_10', 'QX_GLOB_10', 'SQ_10']",5,1,0,haar,64,7,same,1,relu,True,7,False,100,0.2,relu,Adam,0.0086681321461803,0.049311029303080955,0.03235173708764295,8690,5040,257.25
127,127,"['FF_10M_10', 'DD_10_sin', 'DD_10_cos', 'DDN_10_sin', 'DDN_10_cos', 'DD_STD_10_sin', 'DD_STD_10_cos', 'DDX_10_sin', 'DDX_10_cos', 'FF_SENSOR_10', 'FF_10M_STD_10', 'FX_SENSOR_10', 'Q_GLOB_10', 'QN_GLOB_10', 'QX_GLOB_10', 'SQ_10']",5,1,0,haar,64,7,same,1,relu,True,7,False,100,0.2,relu,Adam,0.008387334239933488,0.04935153993179116,0.03226481478034304,8670,5040,284.67
128,128,[],5,1,1,haar,64,7,same,1,relu,True,5,False,100,0.2,relu,Adam,0.009000711676737194,0.050528375303584054,0.03318944802368617,8905,5056,488.85
129,129,"['FF_10M_10', 'DD_10_sin', 'DD_10_cos', 'DDN_10_sin', 'DDN_10_cos', 'DD_STD_10_sin', 'DD_STD_10_cos', 'DDX_10_sin', 'DDX_10_cos', 'FF_SENSOR_10', 'FF_10M_STD_10', 'FX_SENSOR_10']",5,1,1,haar,64,7,same,1,relu,True,5,False,100,0.2,relu,Adam,0.009419356243659317,0.05185495357307575,0.034221025934483146,8697,5045,530.81
130,130,"['Q_GLOB_10', 'QN_GLOB_10', 'QX_GLOB_10', 'SQ_10']",5,1,1,haar,64,7,same,1,relu,True,5,False,100,0.2,relu,Adam,0.008173379013276498,0.047102576780705965,0.030834250819089398,8690,5040,458.97
131,131,"['FF_10M_10', 'DD_10_sin', 'DD_10_cos', 'DDN_10_sin', 'DDN_10_cos', 'DD_STD_10_sin', 'DD_STD_10_cos', 'DDX_10_sin', 'DDX_10_cos', 'FF_SENSOR_10', 'FF_10M_STD_10', 'FX_SENSOR_10', 'Q_GLOB_10', 'QN_GLOB_10', 'QX_GLOB_10', 'SQ_10']",5,1,1,haar,64,7,same,1,relu,True,5,False,100,0.2,relu,Adam,0.00803375898931542,0.04765803686385203,0.031089948370574858,8670,5040,514.38
132,132,[],5,1,1,haar,64,7,same,1,relu,True,7,False,100,0.2,relu,Adam,0.010562578812063888,0.05682446222535324,0.037457545734778455,8905,5056,483.28
133,133,"['FF_10M_10', 'DD_10_sin', 'DD_10_cos', 'DDN_10_sin', 'DDN_10_cos', 'DD_STD_10_sin', 'DD_STD_10_cos', 'DDX_10_sin', 'DDX_10_cos', 'FF_SENSOR_10', 'FF_10M_STD_10', 'FX_SENSOR_10']",5,1,1,haar,64,7,same,1,relu,True,7,False,100,0.2,relu,Adam,0.011347309791158989,0.06047222340687739,0.04012575590353956,8697,5045,520.04
134,134,"['Q_GLOB_10', 'QN_GLOB_10', 'QX_GLOB_10', 'SQ_10']",5,1,1,haar,64,7,same,1,relu,True,7,False,100,0.2,relu,Adam,0.009790323544295222,0.05345948567102071,0.03523865775555617,8690,5040,456.49
135,135,"['FF_10M_10', 'DD_10_sin', 'DD_10_cos', 'DDN_10_sin', 'DDN_10_cos', 'DD_STD_10_sin', 'DD_STD_10_cos', 'DDX_10_sin', 'DDX_10_cos', 'FF_SENSOR_10', 'FF_10M_STD_10', 'FX_SENSOR_10', 'Q_GLOB_10', 'QN_GLOB_10', 'QX_GLOB_10', 'SQ_10']",5,1,1,haar,64,7,same,1,relu,True,7,False,100,0.2,relu,Adam,0.009396026952391556,0.05313534742260887,0.03487452668511369,8670,5040,509.98
136,136,[],5,1,2,haar,64,7,same,1,relu,True,5,False,100,0.2,relu,Adam,0.009892837913552837,0.052550507161940554,0.03475238173115856,8905,5056,703.07
137,137,"['FF_10M_10', 'DD_10_sin', 'DD_10_cos', 'DDN_10_sin', 'DDN_10_cos', 'DD_STD_10_sin', 'DD_STD_10_cos', 'DDX_10_sin', 'DDX_10_cos', 'FF_SENSOR_10', 'FF_10M_STD_10', 'FX_SENSOR_10']",5,1,2,haar,64,7,same,1,relu,True,5,False,100,0.2,relu,Adam,0.009998853353862936,0.053732999133674436,0.035448480752361136,8697,5045,794.41
138,138,"['Q_GLOB_10', 'QN_GLOB_10', 'QX_GLOB_10', 'SQ_10']",5,1,2,haar,64,7,same,1,relu,True,5,False,100,0.2,relu,Adam,0.00876311893811501,0.04915434252182389,0.03203568461419228,8690,5040,796.86
139,139,"['FF_10M_10', 'DD_10_sin', 'DD_10_cos', 'DDN_10_sin', 'DDN_10_cos', 'DD_STD_10_sin', 'DD_STD_10_cos', 'DDX_10_sin', 'DDX_10_cos', 'FF_SENSOR_10', 'FF_10M_STD_10', 'FX_SENSOR_10', 'Q_GLOB_10', 'QN_GLOB_10', 'QX_GLOB_10', 'SQ_10']",5,1,2,haar,64,7,same,1,relu,True,5,False,100,0.2,relu,Adam,0.008244496287783112,0.049648475501426134,0.032210894585254925,8670,5040,886.56
140,140,[],5,1,2,haar,64,7,same,1,relu,True,7,False,100,0.2,relu,Adam,0.010345965631454939,0.05672174082702098,0.03754787398580183,8905,5056,833.26
141,141,"['FF_10M_10', 'DD_10_sin', 'DD_10_cos', 'DDN_10_sin', 'DDN_10_cos', 'DD_STD_10_sin', 'DD_STD_10_cos', 'DDX_10_sin', 'DDX_10_cos', 'FF_SENSOR_10', 'FF_10M_STD_10', 'FX_SENSOR_10']",5,1,2,haar,64,7,same,1,relu,True,7,False,100,0.2,relu,Adam,0.009882082280655324,0.053627671434786764,0.03533969077168331,8697,5045,861.49
142,142,"['Q_GLOB_10', 'QN_GLOB_10', 'QX_GLOB_10', 'SQ_10']",5,1,2,haar,64,7,same,1,relu,True,7,False,100,0.2,relu,Adam,0.008708515252282225,0.0497143139355186,0.032455140084271944,8690,5040,723.17
143,143,"['FF_10M_10', 'DD_10_sin', 'DD_10_cos', 'DDN_10_sin', 'DDN_10_cos', 'DD_STD_10_sin', 'DD_STD_10_cos', 'DDX_10_sin', 'DDX_10_cos', 'FF_SENSOR_10', 'FF_10M_STD_10', 'FX_SENSOR_10', 'Q_GLOB_10', 'QN_GLOB_10', 'QX_GLOB_10', 'SQ_10']",5,1,2,haar,64,7,same,1,relu,True,7,False,100,0.2,relu,Adam,0.008407153489207148,0.05070026263209884,0.03285418111969309,8670,5040,740.16
144,144,[],5,1,3,haar,64,7,same,1,relu,True,5,False,100,0.2,relu,Adam,0.019330215614672443,0.08349348825056105,0.05605934341589409,8905,5056,896.09
145,145,"['FF_10M_10', 'DD_10_sin', 'DD_10_cos', 'DDN_10_sin', 'DDN_10_cos', 'DD_STD_10_sin', 'DD_STD_10_cos', 'DDX_10_sin', 'DDX_10_cos', 'FF_SENSOR_10', 'FF_10M_STD_10', 'FX_SENSOR_10']",5,1,3,haar,64,7,same,1,relu,True,5,False,100,0.2,relu,Adam,0.019851111086744082,0.08324299258770045,0.055926659323605826,8697,5045,990.93
146,146,"['Q_GLOB_10', 'QN_GLOB_10', 'QX_GLOB_10', 'SQ_10']",5,1,3,haar,64,7,same,1,relu,True,5,False,100,0.2,relu,Adam,0.018982946163930422,0.0808063445378098,0.05405378937559158,8690,5040,929.41
147,147,"['FF_10M_10', 'DD_10_sin', 'DD_10_cos', 'DDN_10_sin', 'DDN_10_cos', 'DD_STD_10_sin', 'DD_STD_10_cos', 'DDX_10_sin', 'DDX_10_cos', 'FF_SENSOR_10', 'FF_10M_STD_10', 'FX_SENSOR_10', 'Q_GLOB_10', 'QN_GLOB_10', 'QX_GLOB_10', 'SQ_10']",5,1,3,haar,64,7,same,1,relu,True,5,False,100,0.2,relu,Adam,0.018407622084682558,0.08002114202839121,0.053561261992062126,8670,5040,976.09
148,148,[],5,1,3,haar,64,7,same,1,relu,True,7,False,100,0.2,relu,Adam,0.020190103113447204,0.08446786461691724,0.05676517050334738,8905,5056,899.06
149,149,"['FF_10M_10', 'DD_10_sin', 'DD_10_cos', 'DDN_10_sin', 'DDN_10_cos', 'DD_STD_10_sin', 'DD_STD_10_cos', 'DDX_10_sin', 'DDX_10_cos', 'FF_SENSOR_10', 'FF_10M_STD_10', 'FX_SENSOR_10']",5,1,3,haar,64,7,same,1,relu,True,7,False,100,0.2,relu,Adam,0.019920977005848384,0.08387406070875844,0.0563921618358897,8697,5045,966.89
150,150,"['Q_GLOB_10', 'QN_GLOB_10', 'QX_GLOB_10', 'SQ_10']",5,1,3,haar,64,7,same,1,relu,True,7,False,100,0.2,relu,Adam,0.019724251126666762,0.08317073274511191,0.05575521646695885,8690,5040,932.56
151,151,"['FF_10M_10', 'DD_10_sin', 'DD_10_cos', 'DDN_10_sin', 'DDN_10_cos', 'DD_STD_10_sin', 'DD_STD_10_cos', 'DDX_10_sin', 'DDX_10_cos', 'FF_SENSOR_10', 'FF_10M_STD_10', 'FX_SENSOR_10', 'Q_GLOB_10', 'QN_GLOB_10', 'QX_GLOB_10', 'SQ_10']",5,1,3,haar,64,7,same,1,relu,True,7,False,100,0.2,relu,Adam,0.01900560046257081,0.08265828289534047,0.055211793946739064,8670,5040,993.67
152,152,[],5,1,4,haar,64,7,same,1,relu,True,5,False,100,0.2,relu,Adam,0.06224555027890752,0.1463070031275352,0.10043289088712876,8905,5056,1272.63
153,153,"['FF_10M_10', 'DD_10_sin', 'DD_10_cos', 'DDN_10_sin', 'DDN_10_cos', 'DD_STD_10_sin', 'DD_STD_10_cos', 'DDX_10_sin', 'DDX_10_cos', 'FF_SENSOR_10', 'FF_10M_STD_10', 'FX_SENSOR_10']",5,1,4,haar,64,7,same,1,relu,True,5,False,100,0.2,relu,Adam,0.062190867948361456,0.14604020680934704,0.10026489421783001,8697,5045,1398.4
154,154,"['Q_GLOB_10', 'QN_GLOB_10', 'QX_GLOB_10', 'SQ_10']",5,1,4,haar,64,7,same,1,relu,True,5,False,100,0.2,relu,Adam,0.019263933964407464,0.08239948813527036,0.05527500140511828,8690,5040,1347.39
155,155,"['FF_10M_10', 'DD_10_sin', 'DD_10_cos', 'DDN_10_sin', 'DDN_10_cos', 'DD_STD_10_sin', 'DD_STD_10_cos', 'DDX_10_sin', 'DDX_10_cos', 'FF_SENSOR_10', 'FF_10M_STD_10', 'FX_SENSOR_10', 'Q_GLOB_10', 'QN_GLOB_10', 'QX_GLOB_10', 'SQ_10']",5,1,4,haar,64,7,same,1,relu,True,5,False,100,0.2,relu,Adam,0.02000335276713581,0.08427443876426763,0.056669906123962756,8670,5040,1208.52
156,156,[],5,1,4,haar,64,7,same,1,relu,True,7,False,100,0.2,relu,Adam,0.02121339080837015,0.0867893813889558,0.05853481000063873,8905,5056,1123.98
157,157,"['FF_10M_10', 'DD_10_sin', 'DD_10_cos', 'DDN_10_sin', 'DDN_10_cos', 'DD_STD_10_sin', 'DD_STD_10_cos', 'DDX_10_sin', 'DDX_10_cos', 'FF_SENSOR_10', 'FF_10M_STD_10', 'FX_SENSOR_10']",5,1,4,haar,64,7,same,1,relu,True,7,False,100,0.2,relu,Adam,0.02104160292621663,0.08587725962728324,0.05796847620445046,8697,5045,1278.74
158,158,"['Q_GLOB_10', 'QN_GLOB_10', 'QX_GLOB_10', 'SQ_10']",5,1,4,haar,64,7,same,1,relu,True,7,False,100,0.2,relu,Adam,0.06205161150914237,0.1457839483222074,0.10008844117985,8690,5040,1319.95
159,159,"['FF_10M_10', 'DD_10_sin', 'DD_10_cos', 'DDN_10_sin', 'DDN_10_cos', 'DD_STD_10_sin', 'DD_STD_10_cos', 'DDX_10_sin', 'DDX_10_cos', 'FF_SENSOR_10', 'FF_10M_STD_10', 'FX_SENSOR_10', 'Q_GLOB_10', 'QN_GLOB_10', 'QX_GLOB_10', 'SQ_10']",5,1,4,haar,64,7,same,1,relu,True,7,False,100,0.2,relu,Adam,0.0621922957727251,0.1460289703107724,0.10025870277776096,8670,5040,1296.81
