,counter,col_selection,HISTORY,STEP_FACTOR,LEVEL,WAVELET,FILTERS1,KERNEL_SIZE1,PADDING1,DILATION_RATE1,ACTIVATION1,CONV2,POOL_SIZE1,CONV_POOL2,LSTM1,DROPOUT,ACTIVATION2,OPTIMIZER,mse,mae,mre_3,train_samples,test_samples,train_time,DEPTH
0,0,[],3,1,0,haar,64,5,same,1,relu,TRUE,5,FALSE,70,0.2,relu,Adam,0.008495107,0.046879971,0.030856715,9149,5070,505.75,1
1,1,"['FF_10M_10', 'DD_10_sin', 'DD_10_cos', 'DDN_10_sin', 'DDN_10_cos', 'DD_STD_10_sin', 'DD_STD_10_cos', 'DDX_10_sin', 'DDX_10_cos', 'FF_SENSOR_10', 'FF_10M_STD_10', 'FX_SENSOR_10']",3,1,0,haar,64,5,same,1,relu,TRUE,5,FALSE,70,0.2,relu,Adam,0.008535298,0.047570828,0.031372894,8944,5061,484.19,1
2,2,"['Q_GLOB_10', 'QN_GLOB_10', 'QX_GLOB_10', 'SQ_10']",3,1,0,haar,64,5,same,1,relu,TRUE,5,FALSE,70,0.2,relu,Adam,0.007784145,0.045126243,0.029363039,8937,5058,460.48,1
3,3,"['FF_10M_10', 'DD_10_sin', 'DD_10_cos', 'DDN_10_sin', 'DDN_10_cos', 'DD_STD_10_sin', 'DD_STD_10_cos', 'DDX_10_sin', 'DDX_10_cos', 'FF_SENSOR_10', 'FF_10M_STD_10', 'FX_SENSOR_10', 'Q_GLOB_10', 'QN_GLOB_10', 'QX_GLOB_10', 'SQ_10']",3,1,0,haar,64,5,same,1,relu,TRUE,5,FALSE,70,0.2,relu,Adam,0.007793494,0.046198774,0.030193995,8919,5058,489.15,1
4,4,[],3,1,1,haar,64,5,same,1,relu,TRUE,5,FALSE,70,0.2,relu,Adam,0.008957458,0.048626367,0.031972213,9149,5070,817.63,1
5,5,"['FF_10M_10', 'DD_10_sin', 'DD_10_cos', 'DDN_10_sin', 'DDN_10_cos', 'DD_STD_10_sin', 'DD_STD_10_cos', 'DDX_10_sin', 'DDX_10_cos', 'FF_SENSOR_10', 'FF_10M_STD_10', 'FX_SENSOR_10']",3,1,1,haar,64,5,same,1,relu,TRUE,5,FALSE,70,0.2,relu,Adam,0.009010121,0.048134552,0.031785759,8944,5061,837.71,1
6,6,"['Q_GLOB_10', 'QN_GLOB_10', 'QX_GLOB_10', 'SQ_10']",3,1,1,haar,64,5,same,1,relu,TRUE,5,FALSE,70,0.2,relu,Adam,0.007628474,0.045642238,0.029764103,8937,5058,808.65,1
7,7,"['FF_10M_10', 'DD_10_sin', 'DD_10_cos', 'DDN_10_sin', 'DDN_10_cos', 'DD_STD_10_sin', 'DD_STD_10_cos', 'DDX_10_sin', 'DDX_10_cos', 'FF_SENSOR_10', 'FF_10M_STD_10', 'FX_SENSOR_10', 'Q_GLOB_10', 'QN_GLOB_10', 'QX_GLOB_10', 'SQ_10']",3,1,1,haar,64,5,same,1,relu,TRUE,5,FALSE,70,0.2,relu,Adam,0.007691898,0.046957425,0.030647554,8919,5058,845.87,1
8,8,[],3,1,2,haar,64,5,same,1,relu,TRUE,5,FALSE,70,0.2,relu,Adam,0.009091007,0.049677628,0.032578362,9149,5070,1191.8,1
9,9,"['FF_10M_10', 'DD_10_sin', 'DD_10_cos', 'DDN_10_sin', 'DDN_10_cos', 'DD_STD_10_sin', 'DD_STD_10_cos', 'DDX_10_sin', 'DDX_10_cos', 'FF_SENSOR_10', 'FF_10M_STD_10', 'FX_SENSOR_10']",3,1,2,haar,64,5,same,1,relu,TRUE,5,FALSE,70,0.2,relu,Adam,0.009545135,0.052065683,0.034335397,8944,5061,1211.15,1
10,10,"['Q_GLOB_10', 'QN_GLOB_10', 'QX_GLOB_10', 'SQ_10']",3,1,2,haar,64,5,same,1,relu,TRUE,5,FALSE,70,0.2,relu,Adam,0.008065601,0.047668852,0.030853217,8937,5058,1179.35,1
11,11,"['FF_10M_10', 'DD_10_sin', 'DD_10_cos', 'DDN_10_sin', 'DDN_10_cos', 'DD_STD_10_sin', 'DD_STD_10_cos', 'DDX_10_sin', 'DDX_10_cos', 'FF_SENSOR_10', 'FF_10M_STD_10', 'FX_SENSOR_10', 'Q_GLOB_10', 'QN_GLOB_10', 'QX_GLOB_10', 'SQ_10']",3,1,2,haar,64,5,same,1,relu,TRUE,5,FALSE,70,0.2,relu,Adam,0.008211105,0.046856971,0.030454966,8919,5058,1216.82,1
12,12,[],3,1,3,haar,64,5,same,1,relu,TRUE,5,FALSE,70,0.2,relu,Adam,0.021175422,0.086721538,0.05835116,9149,5070,1552.64,1
13,13,"['FF_10M_10', 'DD_10_sin', 'DD_10_cos', 'DDN_10_sin', 'DDN_10_cos', 'DD_STD_10_sin', 'DD_STD_10_cos', 'DDX_10_sin', 'DDX_10_cos', 'FF_SENSOR_10', 'FF_10M_STD_10', 'FX_SENSOR_10']",3,1,3,haar,64,5,same,1,relu,TRUE,5,FALSE,70,0.2,relu,Adam,0.019937476,0.08400765,0.056613491,8944,5061,1544.67,1
14,14,"['Q_GLOB_10', 'QN_GLOB_10', 'QX_GLOB_10', 'SQ_10']",3,1,3,haar,64,5,same,1,relu,TRUE,5,FALSE,70,0.2,relu,Adam,0.019195262,0.083207445,0.055736425,8937,5058,1528,1
15,15,"['FF_10M_10', 'DD_10_sin', 'DD_10_cos', 'DDN_10_sin', 'DDN_10_cos', 'DD_STD_10_sin', 'DD_STD_10_cos', 'DDX_10_sin', 'DDX_10_cos', 'FF_SENSOR_10', 'FF_10M_STD_10', 'FX_SENSOR_10', 'Q_GLOB_10', 'QN_GLOB_10', 'QX_GLOB_10', 'SQ_10']",3,1,3,haar,64,5,same,1,relu,TRUE,5,FALSE,70,0.2,relu,Adam,0.019169207,0.08269066,0.055306637,8919,5058,1634.96,1
16,16,[],3,1,4,haar,64,5,same,1,relu,TRUE,5,FALSE,70,0.2,relu,Adam,0.020769484,0.08519464,0.057430459,9149,5070,2181.82,1
17,17,"['FF_10M_10', 'DD_10_sin', 'DD_10_cos', 'DDN_10_sin', 'DDN_10_cos', 'DD_STD_10_sin', 'DD_STD_10_cos', 'DDX_10_sin', 'DDX_10_cos', 'FF_SENSOR_10', 'FF_10M_STD_10', 'FX_SENSOR_10']",3,1,4,haar,64,5,same,1,relu,TRUE,5,FALSE,70,0.2,relu,Adam,0.020319497,0.084525836,0.056998968,8944,5061,2014.9,1
18,18,"['Q_GLOB_10', 'QN_GLOB_10', 'QX_GLOB_10', 'SQ_10']",3,1,4,haar,64,5,same,1,relu,TRUE,5,FALSE,70,0.2,relu,Adam,0.019457511,0.083523785,0.056079167,8937,5058,1885.56,1
19,19,"['FF_10M_10', 'DD_10_sin', 'DD_10_cos', 'DDN_10_sin', 'DDN_10_cos', 'DD_STD_10_sin', 'DD_STD_10_cos', 'DDX_10_sin', 'DDX_10_cos', 'FF_SENSOR_10', 'FF_10M_STD_10', 'FX_SENSOR_10', 'Q_GLOB_10', 'QN_GLOB_10', 'QX_GLOB_10', 'SQ_10']",3,1,4,haar,64,5,same,1,relu,TRUE,5,FALSE,70,0.2,relu,Adam,0.019608578,0.082600964,0.055544975,8919,5058,1906.81,1
20,20,[],5,1,0,haar,64,5,same,1,relu,TRUE,5,FALSE,70,0.2,relu,Adam,0.0089187,0.047885987,0.031713772,8905,5056,496.06,1
21,21,"['FF_10M_10', 'DD_10_sin', 'DD_10_cos', 'DDN_10_sin', 'DDN_10_cos', 'DD_STD_10_sin', 'DD_STD_10_cos', 'DDX_10_sin', 'DDX_10_cos', 'FF_SENSOR_10', 'FF_10M_STD_10', 'FX_SENSOR_10']",5,1,0,haar,64,5,same,1,relu,TRUE,5,FALSE,70,0.2,relu,Adam,0.009122987,0.049258457,0.032619636,8697,5045,543.34,1
22,22,"['Q_GLOB_10', 'QN_GLOB_10', 'QX_GLOB_10', 'SQ_10']",5,1,0,haar,64,5,same,1,relu,TRUE,5,FALSE,70,0.2,relu,Adam,0.007776178,0.045813709,0.030009673,8690,5040,504.3,1
23,23,"['FF_10M_10', 'DD_10_sin', 'DD_10_cos', 'DDN_10_sin', 'DDN_10_cos', 'DD_STD_10_sin', 'DD_STD_10_cos', 'DDX_10_sin', 'DDX_10_cos', 'FF_SENSOR_10', 'FF_10M_STD_10', 'FX_SENSOR_10', 'Q_GLOB_10', 'QN_GLOB_10', 'QX_GLOB_10', 'SQ_10']",5,1,0,haar,64,5,same,1,relu,TRUE,5,FALSE,70,0.2,relu,Adam,0.007701426,0.044275279,0.028958453,8670,5040,550.64,1
24,24,[],5,1,1,haar,64,5,same,1,relu,TRUE,5,FALSE,70,0.2,relu,Adam,0.008806121,0.049110547,0.032446889,8905,5056,852.52,1
25,25,"['FF_10M_10', 'DD_10_sin', 'DD_10_cos', 'DDN_10_sin', 'DDN_10_cos', 'DD_STD_10_sin', 'DD_STD_10_cos', 'DDX_10_sin', 'DDX_10_cos', 'FF_SENSOR_10', 'FF_10M_STD_10', 'FX_SENSOR_10']",5,1,1,haar,64,5,same,1,relu,TRUE,5,FALSE,70,0.2,relu,Adam,0.009351001,0.050867339,0.033655378,8697,5045,898.13,1
26,26,"['Q_GLOB_10', 'QN_GLOB_10', 'QX_GLOB_10', 'SQ_10']",5,1,1,haar,64,5,same,1,relu,TRUE,5,FALSE,70,0.2,relu,Adam,0.007950599,0.046055415,0.030116542,8690,5040,2582.01,1
27,27,"['FF_10M_10', 'DD_10_sin', 'DD_10_cos', 'DDN_10_sin', 'DDN_10_cos', 'DD_STD_10_sin', 'DD_STD_10_cos', 'DDX_10_sin', 'DDX_10_cos', 'FF_SENSOR_10', 'FF_10M_STD_10', 'FX_SENSOR_10', 'Q_GLOB_10', 'QN_GLOB_10', 'QX_GLOB_10', 'SQ_10']",5,1,1,haar,64,5,same,1,relu,TRUE,5,FALSE,70,0.2,relu,Adam,0.007649768,0.045599084,0.029671318,8670,5040,896.57,1
28,28,[],5,1,2,haar,64,5,same,1,relu,TRUE,5,FALSE,70,0.2,relu,Adam,0.00985461,0.051495338,0.033990287,8905,5056,1213.06,1
29,29,"['FF_10M_10', 'DD_10_sin', 'DD_10_cos', 'DDN_10_sin', 'DDN_10_cos', 'DD_STD_10_sin', 'DD_STD_10_cos', 'DDX_10_sin', 'DDX_10_cos', 'FF_SENSOR_10', 'FF_10M_STD_10', 'FX_SENSOR_10']",5,1,2,haar,64,5,same,1,relu,TRUE,5,FALSE,70,0.2,relu,Adam,0.009772904,0.052147344,0.034421521,8697,5045,1250.78,1
30,30,"['Q_GLOB_10', 'QN_GLOB_10', 'QX_GLOB_10', 'SQ_10']",5,1,2,haar,64,5,same,1,relu,TRUE,5,FALSE,70,0.2,relu,Adam,0.008492466,0.047920437,0.031238966,8690,5040,1181.48,1
31,31,"['FF_10M_10', 'DD_10_sin', 'DD_10_cos', 'DDN_10_sin', 'DDN_10_cos', 'DD_STD_10_sin', 'DD_STD_10_cos', 'DDX_10_sin', 'DDX_10_cos', 'FF_SENSOR_10', 'FF_10M_STD_10', 'FX_SENSOR_10', 'Q_GLOB_10', 'QN_GLOB_10', 'QX_GLOB_10', 'SQ_10']",5,1,2,haar,64,5,same,1,relu,TRUE,5,FALSE,70,0.2,relu,Adam,0.008507121,0.046693788,0.030441919,8670,5040,1248.99,1
32,32,[],5,1,3,haar,64,5,same,1,relu,TRUE,5,FALSE,70,0.2,relu,Adam,0.020041545,0.082231692,0.055232282,8905,5056,1487.74,1
33,33,"['FF_10M_10', 'DD_10_sin', 'DD_10_cos', 'DDN_10_sin', 'DDN_10_cos', 'DD_STD_10_sin', 'DD_STD_10_cos', 'DDX_10_sin', 'DDX_10_cos', 'FF_SENSOR_10', 'FF_10M_STD_10', 'FX_SENSOR_10']",5,1,3,haar,64,5,same,1,relu,TRUE,5,FALSE,70,0.2,relu,Adam,0.019696783,0.081368429,0.054691624,8697,5045,1608.49,1
34,34,"['Q_GLOB_10', 'QN_GLOB_10', 'QX_GLOB_10', 'SQ_10']",5,1,3,haar,64,5,same,1,relu,TRUE,5,FALSE,70,0.2,relu,Adam,0.018682896,0.080282476,0.053747778,8690,5040,1547.44,1
35,35,"['FF_10M_10', 'DD_10_sin', 'DD_10_cos', 'DDN_10_sin', 'DDN_10_cos', 'DD_STD_10_sin', 'DD_STD_10_cos', 'DDX_10_sin', 'DDX_10_cos', 'FF_SENSOR_10', 'FF_10M_STD_10', 'FX_SENSOR_10', 'Q_GLOB_10', 'QN_GLOB_10', 'QX_GLOB_10', 'SQ_10']",5,1,3,haar,64,5,same,1,relu,TRUE,5,FALSE,70,0.2,relu,Adam,0.019214649,0.08155397,0.054579562,8670,5040,1605.56,1
36,36,[],5,1,4,haar,64,5,same,1,relu,TRUE,5,FALSE,70,0.2,relu,Adam,0.020983512,0.084807959,0.057126771,8905,5056,1809.81,1
37,37,"['FF_10M_10', 'DD_10_sin', 'DD_10_cos', 'DDN_10_sin', 'DDN_10_cos', 'DD_STD_10_sin', 'DD_STD_10_cos', 'DDX_10_sin', 'DDX_10_cos', 'FF_SENSOR_10', 'FF_10M_STD_10', 'FX_SENSOR_10']",5,1,4,haar,64,5,same,1,relu,TRUE,5,FALSE,70,0.2,relu,Adam,0.020435212,0.083945118,0.056525592,8697,5045,1945.2,1
38,38,"['Q_GLOB_10', 'QN_GLOB_10', 'QX_GLOB_10', 'SQ_10']",5,1,4,haar,64,5,same,1,relu,TRUE,5,FALSE,70,0.2,relu,Adam,0.019229266,0.081363006,0.054639812,8690,5040,1907,1
39,39,"['FF_10M_10', 'DD_10_sin', 'DD_10_cos', 'DDN_10_sin', 'DDN_10_cos', 'DD_STD_10_sin', 'DD_STD_10_cos', 'DDX_10_sin', 'DDX_10_cos', 'FF_SENSOR_10', 'FF_10M_STD_10', 'FX_SENSOR_10', 'Q_GLOB_10', 'QN_GLOB_10', 'QX_GLOB_10', 'SQ_10']",5,1,4,haar,64,5,same,1,relu,TRUE,5,FALSE,70,0.2,relu,Adam,0.019952856,0.082292586,0.055371452,8670,5040,1947.82,1
40,40,[],7,1,0,haar,64,5,same,1,relu,TRUE,5,FALSE,70,0.2,relu,Adam,0.009308523,0.049710982,0.032914488,8710,5042,558.77,1
41,41,"['FF_10M_10', 'DD_10_sin', 'DD_10_cos', 'DDN_10_sin', 'DDN_10_cos', 'DD_STD_10_sin', 'DD_STD_10_cos', 'DDX_10_sin', 'DDX_10_cos', 'FF_SENSOR_10', 'FF_10M_STD_10', 'FX_SENSOR_10']",7,1,0,haar,64,5,same,1,relu,TRUE,5,FALSE,70,0.2,relu,Adam,0.009504496,0.05298166,0.035223973,8497,5029,609.79,1
42,42,"['Q_GLOB_10', 'QN_GLOB_10', 'QX_GLOB_10', 'SQ_10']",7,1,0,haar,64,5,same,1,relu,TRUE,5,FALSE,70,0.2,relu,Adam,0.008101932,0.045735594,0.029960758,8490,5022,565.83,1
43,43,"['FF_10M_10', 'DD_10_sin', 'DD_10_cos', 'DDN_10_sin', 'DDN_10_cos', 'DD_STD_10_sin', 'DD_STD_10_cos', 'DDX_10_sin', 'DDX_10_cos', 'FF_SENSOR_10', 'FF_10M_STD_10', 'FX_SENSOR_10', 'Q_GLOB_10', 'QN_GLOB_10', 'QX_GLOB_10', 'SQ_10']",7,1,0,haar,64,5,same,1,relu,TRUE,5,FALSE,70,0.2,relu,Adam,0.008015908,0.046560492,0.030446245,8468,5022,618.99,1
44,44,[],7,1,1,haar,64,5,same,1,relu,TRUE,5,FALSE,70,0.2,relu,Adam,0.009836111,0.052851688,0.03497357,8710,5042,890.36,1
45,45,"['FF_10M_10', 'DD_10_sin', 'DD_10_cos', 'DDN_10_sin', 'DDN_10_cos', 'DD_STD_10_sin', 'DD_STD_10_cos', 'DDX_10_sin', 'DDX_10_cos', 'FF_SENSOR_10', 'FF_10M_STD_10', 'FX_SENSOR_10']",7,1,1,haar,64,5,same,1,relu,TRUE,5,FALSE,70,0.2,relu,Adam,0.010215144,0.05488276,0.036315237,8497,5029,948.35,1
46,46,"['Q_GLOB_10', 'QN_GLOB_10', 'QX_GLOB_10', 'SQ_10']",7,1,1,haar,64,5,same,1,relu,TRUE,5,FALSE,70,0.2,relu,Adam,0.008863853,0.049386095,0.032358683,8490,5022,914.59,1
47,47,"['FF_10M_10', 'DD_10_sin', 'DD_10_cos', 'DDN_10_sin', 'DDN_10_cos', 'DD_STD_10_sin', 'DD_STD_10_cos', 'DDX_10_sin', 'DDX_10_cos', 'FF_SENSOR_10', 'FF_10M_STD_10', 'FX_SENSOR_10', 'Q_GLOB_10', 'QN_GLOB_10', 'QX_GLOB_10', 'SQ_10']",7,1,1,haar,64,5,same,1,relu,TRUE,5,FALSE,70,0.2,relu,Adam,0.009062676,0.04964109,0.032594591,8468,5022,975.92,1
48,48,[],7,1,2,haar,64,5,same,1,relu,TRUE,5,FALSE,70,0.2,relu,Adam,0.009672346,0.051075955,0.033680232,8710,5042,1250.51,1
49,49,"['FF_10M_10', 'DD_10_sin', 'DD_10_cos', 'DDN_10_sin', 'DDN_10_cos', 'DD_STD_10_sin', 'DD_STD_10_cos', 'DDX_10_sin', 'DDX_10_cos', 'FF_SENSOR_10', 'FF_10M_STD_10', 'FX_SENSOR_10']",7,1,2,haar,64,5,same,1,relu,TRUE,5,FALSE,70,0.2,relu,Adam,0.009924494,0.052676354,0.034745698,8497,5029,1293.64,1
50,50,"['Q_GLOB_10', 'QN_GLOB_10', 'QX_GLOB_10', 'SQ_10']",7,1,2,haar,64,5,same,1,relu,TRUE,5,FALSE,70,0.2,relu,Adam,0.008250787,0.045357239,0.029546464,8490,5022,1255.85,1
51,51,"['FF_10M_10', 'DD_10_sin', 'DD_10_cos', 'DDN_10_sin', 'DDN_10_cos', 'DD_STD_10_sin', 'DD_STD_10_cos', 'DDX_10_sin', 'DDX_10_cos', 'FF_SENSOR_10', 'FF_10M_STD_10', 'FX_SENSOR_10', 'Q_GLOB_10', 'QN_GLOB_10', 'QX_GLOB_10', 'SQ_10']",7,1,2,haar,64,5,same,1,relu,TRUE,5,FALSE,70,0.2,relu,Adam,0.008524825,0.047534977,0.031012277,8468,5022,1314.87,1
52,52,[],7,1,3,haar,64,5,same,1,relu,TRUE,5,FALSE,70,0.2,relu,Adam,0.019928947,0.082263022,0.055373026,8710,5042,1605.03,1
53,53,"['FF_10M_10', 'DD_10_sin', 'DD_10_cos', 'DDN_10_sin', 'DDN_10_cos', 'DD_STD_10_sin', 'DD_STD_10_cos', 'DDX_10_sin', 'DDX_10_cos', 'FF_SENSOR_10', 'FF_10M_STD_10', 'FX_SENSOR_10']",7,1,3,haar,64,5,same,1,relu,TRUE,5,FALSE,70,0.2,relu,Adam,0.019606846,0.081650516,0.054931359,8497,5029,1577.19,1
54,54,"['Q_GLOB_10', 'QN_GLOB_10', 'QX_GLOB_10', 'SQ_10']",7,1,3,haar,64,5,same,1,relu,TRUE,5,FALSE,70,0.2,relu,Adam,0.019234637,0.081304992,0.054449323,8490,5022,1606.66,1
55,55,"['FF_10M_10', 'DD_10_sin', 'DD_10_cos', 'DDN_10_sin', 'DDN_10_cos', 'DD_STD_10_sin', 'DD_STD_10_cos', 'DDX_10_sin', 'DDX_10_cos', 'FF_SENSOR_10', 'FF_10M_STD_10', 'FX_SENSOR_10', 'Q_GLOB_10', 'QN_GLOB_10', 'QX_GLOB_10', 'SQ_10']",7,1,3,haar,64,5,same,1,relu,TRUE,5,FALSE,70,0.2,relu,Adam,0.018426768,0.079766754,0.053354147,8468,5022,1660.06,1
56,56,[],7,1,4,haar,64,5,same,1,relu,TRUE,5,FALSE,70,0.2,relu,Adam,0.020721351,0.083637476,0.056348739,8710,5042,1965.24,1
57,57,"['FF_10M_10', 'DD_10_sin', 'DD_10_cos', 'DDN_10_sin', 'DDN_10_cos', 'DD_STD_10_sin', 'DD_STD_10_cos', 'DDX_10_sin', 'DDX_10_cos', 'FF_SENSOR_10', 'FF_10M_STD_10', 'FX_SENSOR_10']",7,1,4,haar,64,5,same,1,relu,TRUE,5,FALSE,70,0.2,relu,Adam,0.020694256,0.085416693,0.057641904,8497,5029,1860.6,1
58,58,"['Q_GLOB_10', 'QN_GLOB_10', 'QX_GLOB_10', 'SQ_10']",7,1,4,haar,64,5,same,1,relu,TRUE,5,FALSE,70,0.2,relu,Adam,0.019382477,0.082680352,0.055583048,8490,5022,1956.67,1
59,59,"['FF_10M_10', 'DD_10_sin', 'DD_10_cos', 'DDN_10_sin', 'DDN_10_cos', 'DD_STD_10_sin', 'DD_STD_10_cos', 'DDX_10_sin', 'DDX_10_cos', 'FF_SENSOR_10', 'FF_10M_STD_10', 'FX_SENSOR_10', 'Q_GLOB_10', 'QN_GLOB_10', 'QX_GLOB_10', 'SQ_10']",7,1,4,haar,64,5,same,1,relu,TRUE,5,FALSE,70,0.2,relu,Adam,0.019407232,0.0810883,0.054481722,8468,5022,2011.99,1
60,60,[],3,1,0,haar,64,5,same,1,relu,TRUE,5,FALSE,100,0.2,relu,Adam,0.008806396,0.047971244,0.031678993,9149,5070,453.72,1
61,61,"['FF_10M_10', 'DD_10_sin', 'DD_10_cos', 'DDN_10_sin', 'DDN_10_cos', 'DD_STD_10_sin', 'DD_STD_10_cos', 'DDX_10_sin', 'DDX_10_cos', 'FF_SENSOR_10', 'FF_10M_STD_10', 'FX_SENSOR_10']",3,1,0,haar,64,5,same,1,relu,TRUE,5,FALSE,100,0.2,relu,Adam,0.008698544,0.04770731,0.031543253,8944,5061,477.47,1
62,62,"['Q_GLOB_10', 'QN_GLOB_10', 'QX_GLOB_10', 'SQ_10']",3,1,0,haar,64,5,same,1,relu,TRUE,5,FALSE,100,0.2,relu,Adam,0.007832559,0.045820098,0.029926938,8937,5058,456.89,1
63,63,"['FF_10M_10', 'DD_10_sin', 'DD_10_cos', 'DDN_10_sin', 'DDN_10_cos', 'DD_STD_10_sin', 'DD_STD_10_cos', 'DDX_10_sin', 'DDX_10_cos', 'FF_SENSOR_10', 'FF_10M_STD_10', 'FX_SENSOR_10', 'Q_GLOB_10', 'QN_GLOB_10', 'QX_GLOB_10', 'SQ_10']",3,1,0,haar,64,5,same,1,relu,TRUE,5,FALSE,100,0.2,relu,Adam,0.007716879,0.045875155,0.029923865,8919,5058,480.72,1
64,64,[],3,1,1,haar,64,5,same,1,relu,TRUE,5,FALSE,100,0.2,relu,Adam,0.008929118,0.047474407,0.031303011,9149,5070,811.43,1
65,65,"['FF_10M_10', 'DD_10_sin', 'DD_10_cos', 'DDN_10_sin', 'DDN_10_cos', 'DD_STD_10_sin', 'DD_STD_10_cos', 'DDX_10_sin', 'DDX_10_cos', 'FF_SENSOR_10', 'FF_10M_STD_10', 'FX_SENSOR_10']",3,1,1,haar,64,5,same,1,relu,TRUE,5,FALSE,100,0.2,relu,Adam,0.009126709,0.049229187,0.032608029,8944,5061,851.66,1
66,66,"['Q_GLOB_10', 'QN_GLOB_10', 'QX_GLOB_10', 'SQ_10']",3,1,1,haar,64,5,same,1,relu,TRUE,5,FALSE,100,0.2,relu,Adam,0.007792174,0.046188351,0.030187141,8937,5058,809.16,1
67,67,"['FF_10M_10', 'DD_10_sin', 'DD_10_cos', 'DDN_10_sin', 'DDN_10_cos', 'DD_STD_10_sin', 'DD_STD_10_cos', 'DDX_10_sin', 'DDX_10_cos', 'FF_SENSOR_10', 'FF_10M_STD_10', 'FX_SENSOR_10', 'Q_GLOB_10', 'QN_GLOB_10', 'QX_GLOB_10', 'SQ_10']",3,1,1,haar,64,5,same,1,relu,TRUE,5,FALSE,100,0.2,relu,Adam,0.007771399,0.046244891,0.030159895,8919,5058,848.46,1
68,68,[],3,1,2,haar,64,5,same,1,relu,TRUE,5,FALSE,100,0.2,relu,Adam,0.009467069,0.050576234,0.033297699,9149,5070,1188.35,1
69,69,"['FF_10M_10', 'DD_10_sin', 'DD_10_cos', 'DDN_10_sin', 'DDN_10_cos', 'DD_STD_10_sin', 'DD_STD_10_cos', 'DDX_10_sin', 'DDX_10_cos', 'FF_SENSOR_10', 'FF_10M_STD_10', 'FX_SENSOR_10']",3,1,2,haar,64,5,same,1,relu,TRUE,5,FALSE,100,0.2,relu,Adam,0.009615313,0.051806974,0.034170698,8944,5061,1200.46,1
70,70,"['Q_GLOB_10', 'QN_GLOB_10', 'QX_GLOB_10', 'SQ_10']",3,1,2,haar,64,5,same,1,relu,TRUE,5,FALSE,100,0.2,relu,Adam,0.008083513,0.04704193,0.030523805,8937,5058,1192.4,1
71,71,"['FF_10M_10', 'DD_10_sin', 'DD_10_cos', 'DDN_10_sin', 'DDN_10_cos', 'DD_STD_10_sin', 'DD_STD_10_cos', 'DDX_10_sin', 'DDX_10_cos', 'FF_SENSOR_10', 'FF_10M_STD_10', 'FX_SENSOR_10', 'Q_GLOB_10', 'QN_GLOB_10', 'QX_GLOB_10', 'SQ_10']",3,1,2,haar,64,5,same,1,relu,TRUE,5,FALSE,100,0.2,relu,Adam,0.008390173,0.047537749,0.030945454,8919,5058,1218.72,1
72,72,[],3,1,3,haar,64,5,same,1,relu,TRUE,5,FALSE,100,0.2,relu,Adam,0.020942253,0.086357662,0.058089468,9149,5070,1547.77,1
73,73,"['FF_10M_10', 'DD_10_sin', 'DD_10_cos', 'DDN_10_sin', 'DDN_10_cos', 'DD_STD_10_sin', 'DD_STD_10_cos', 'DDX_10_sin', 'DDX_10_cos', 'FF_SENSOR_10', 'FF_10M_STD_10', 'FX_SENSOR_10']",3,1,3,haar,64,5,same,1,relu,TRUE,5,FALSE,100,0.2,relu,Adam,0.019946035,0.083472609,0.05623131,8944,5061,1537.24,1
74,74,"['Q_GLOB_10', 'QN_GLOB_10', 'QX_GLOB_10', 'SQ_10']",3,1,3,haar,64,5,same,1,relu,TRUE,5,FALSE,100,0.2,relu,Adam,0.020564487,0.08477821,0.056805909,8937,5058,1538.28,1
75,75,"['FF_10M_10', 'DD_10_sin', 'DD_10_cos', 'DDN_10_sin', 'DDN_10_cos', 'DD_STD_10_sin', 'DD_STD_10_cos', 'DDX_10_sin', 'DDX_10_cos', 'FF_SENSOR_10', 'FF_10M_STD_10', 'FX_SENSOR_10', 'Q_GLOB_10', 'QN_GLOB_10', 'QX_GLOB_10', 'SQ_10']",3,1,3,haar,64,5,same,1,relu,TRUE,5,FALSE,100,0.2,relu,Adam,0.019498466,0.085302455,0.057213471,8919,5058,1551.49,1
76,76,[],3,1,4,haar,64,5,same,1,relu,TRUE,5,FALSE,100,0.2,relu,Adam,0.020135238,0.084325256,0.056830401,9149,5070,1945.2,1
77,77,"['FF_10M_10', 'DD_10_sin', 'DD_10_cos', 'DDN_10_sin', 'DDN_10_cos', 'DD_STD_10_sin', 'DD_STD_10_cos', 'DDX_10_sin', 'DDX_10_cos', 'FF_SENSOR_10', 'FF_10M_STD_10', 'FX_SENSOR_10']",3,1,4,haar,64,5,same,1,relu,TRUE,5,FALSE,100,0.2,relu,Adam,0.021173924,0.08537113,0.057586595,8944,5061,2023.55,1
78,78,"['Q_GLOB_10', 'QN_GLOB_10', 'QX_GLOB_10', 'SQ_10']",3,1,4,haar,64,5,same,1,relu,TRUE,5,FALSE,100,0.2,relu,Adam,0.019551721,0.082875413,0.055625158,8937,5058,2122.69,1
79,79,"['FF_10M_10', 'DD_10_sin', 'DD_10_cos', 'DDN_10_sin', 'DDN_10_cos', 'DD_STD_10_sin', 'DD_STD_10_cos', 'DDX_10_sin', 'DDX_10_cos', 'FF_SENSOR_10', 'FF_10M_STD_10', 'FX_SENSOR_10', 'Q_GLOB_10', 'QN_GLOB_10', 'QX_GLOB_10', 'SQ_10']",3,1,4,haar,64,5,same,1,relu,TRUE,5,FALSE,100,0.2,relu,Adam,0.019686959,0.084295242,0.056636857,8919,5058,2195.78,1
80,80,[],5,1,0,haar,64,5,same,1,relu,TRUE,5,FALSE,100,0.2,relu,Adam,0.008857962,0.047668276,0.031524073,8905,5056,560.47,1
81,81,"['FF_10M_10', 'DD_10_sin', 'DD_10_cos', 'DDN_10_sin', 'DDN_10_cos', 'DD_STD_10_sin', 'DD_STD_10_cos', 'DDX_10_sin', 'DDX_10_cos', 'FF_SENSOR_10', 'FF_10M_STD_10', 'FX_SENSOR_10']",5,1,0,haar,64,5,same,1,relu,TRUE,5,FALSE,100,0.2,relu,Adam,0.008953607,0.051576246,0.034124805,8697,5045,542.99,1
82,82,"['Q_GLOB_10', 'QN_GLOB_10', 'QX_GLOB_10', 'SQ_10']",5,1,0,haar,64,5,same,1,relu,TRUE,5,FALSE,100,0.2,relu,Adam,0.007657628,0.044098159,0.028931964,8690,5040,498.93,1
83,83,"['FF_10M_10', 'DD_10_sin', 'DD_10_cos', 'DDN_10_sin', 'DDN_10_cos', 'DD_STD_10_sin', 'DD_STD_10_cos', 'DDX_10_sin', 'DDX_10_cos', 'FF_SENSOR_10', 'FF_10M_STD_10', 'FX_SENSOR_10', 'Q_GLOB_10', 'QN_GLOB_10', 'QX_GLOB_10', 'SQ_10']",5,1,0,haar,64,5,same,1,relu,TRUE,5,FALSE,100,0.2,relu,Adam,0.007871076,0.044757869,0.02926756,8670,5040,551.85,1
84,84,[],5,1,1,haar,64,5,same,1,relu,TRUE,5,FALSE,100,0.2,relu,Adam,0.009091208,0.048666537,0.032137688,8905,5056,868.87,1
85,85,"['FF_10M_10', 'DD_10_sin', 'DD_10_cos', 'DDN_10_sin', 'DDN_10_cos', 'DD_STD_10_sin', 'DD_STD_10_cos', 'DDX_10_sin', 'DDX_10_cos', 'FF_SENSOR_10', 'FF_10M_STD_10', 'FX_SENSOR_10']",5,1,1,haar,64,5,same,1,relu,TRUE,5,FALSE,100,0.2,relu,Adam,0.009375143,0.049560806,0.032746546,8697,5045,906.47,1
86,86,"['Q_GLOB_10', 'QN_GLOB_10', 'QX_GLOB_10', 'SQ_10']",5,1,1,haar,64,5,same,1,relu,TRUE,5,FALSE,100,0.2,relu,Adam,0.008377255,0.047770849,0.031301753,8690,5040,832.92,1
87,87,"['FF_10M_10', 'DD_10_sin', 'DD_10_cos', 'DDN_10_sin', 'DDN_10_cos', 'DD_STD_10_sin', 'DD_STD_10_cos', 'DDX_10_sin', 'DDX_10_cos', 'FF_SENSOR_10', 'FF_10M_STD_10', 'FX_SENSOR_10', 'Q_GLOB_10', 'QN_GLOB_10', 'QX_GLOB_10', 'SQ_10']",5,1,1,haar,64,5,same,1,relu,TRUE,5,FALSE,100,0.2,relu,Adam,0.007707031,0.045310677,0.02956083,8670,5040,895.63,1
88,88,[],5,1,2,haar,64,5,same,1,relu,TRUE,5,FALSE,100,0.2,relu,Adam,0.00992564,0.051533861,0.034057934,8905,5056,1214.14,1
89,89,"['FF_10M_10', 'DD_10_sin', 'DD_10_cos', 'DDN_10_sin', 'DDN_10_cos', 'DD_STD_10_sin', 'DD_STD_10_cos', 'DDX_10_sin', 'DDX_10_cos', 'FF_SENSOR_10', 'FF_10M_STD_10', 'FX_SENSOR_10']",5,1,2,haar,64,5,same,1,relu,TRUE,5,FALSE,100,0.2,relu,Adam,0.00989738,0.051659637,0.034095539,8697,5045,1228.65,1
90,90,"['Q_GLOB_10', 'QN_GLOB_10', 'QX_GLOB_10', 'SQ_10']",5,1,2,haar,64,5,same,1,relu,TRUE,5,FALSE,100,0.2,relu,Adam,0.008716136,0.047629523,0.031053945,8690,5040,1188.86,1
91,91,"['FF_10M_10', 'DD_10_sin', 'DD_10_cos', 'DDN_10_sin', 'DDN_10_cos', 'DD_STD_10_sin', 'DD_STD_10_cos', 'DDX_10_sin', 'DDX_10_cos', 'FF_SENSOR_10', 'FF_10M_STD_10', 'FX_SENSOR_10', 'Q_GLOB_10', 'QN_GLOB_10', 'QX_GLOB_10', 'SQ_10']",5,1,2,haar,64,5,same,1,relu,TRUE,5,FALSE,100,0.2,relu,Adam,0.008168252,0.045796421,0.029760734,8670,5040,1418.63,1
92,92,[],5,1,3,haar,64,5,same,1,relu,TRUE,5,FALSE,100,0.2,relu,Adam,0.020285353,0.083114462,0.055785816,8905,5056,1725.02,1
93,93,"['FF_10M_10', 'DD_10_sin', 'DD_10_cos', 'DDN_10_sin', 'DDN_10_cos', 'DD_STD_10_sin', 'DD_STD_10_cos', 'DDX_10_sin', 'DDX_10_cos', 'FF_SENSOR_10', 'FF_10M_STD_10', 'FX_SENSOR_10']",5,1,3,haar,64,5,same,1,relu,TRUE,5,FALSE,100,0.2,relu,Adam,0.020565205,0.083567401,0.056207314,8697,5045,1737.33,1
94,94,"['Q_GLOB_10', 'QN_GLOB_10', 'QX_GLOB_10', 'SQ_10']",5,1,3,haar,64,5,same,1,relu,TRUE,5,FALSE,100,0.2,relu,Adam,0.019569505,0.081009229,0.054229901,8690,5040,1620.92,1
95,95,"['FF_10M_10', 'DD_10_sin', 'DD_10_cos', 'DDN_10_sin', 'DDN_10_cos', 'DD_STD_10_sin', 'DD_STD_10_cos', 'DDX_10_sin', 'DDX_10_cos', 'FF_SENSOR_10', 'FF_10M_STD_10', 'FX_SENSOR_10', 'Q_GLOB_10', 'QN_GLOB_10', 'QX_GLOB_10', 'SQ_10']",5,1,3,haar,64,5,same,1,relu,TRUE,5,FALSE,100,0.2,relu,Adam,0.01979259,0.081714322,0.05470701,8670,5040,1824.98,1
96,96,[],5,1,4,haar,64,5,same,1,relu,TRUE,5,FALSE,100,0.2,relu,Adam,0.020396875,0.083083929,0.055938605,8905,5056,2001.7,1
97,97,"['FF_10M_10', 'DD_10_sin', 'DD_10_cos', 'DDN_10_sin', 'DDN_10_cos', 'DD_STD_10_sin', 'DD_STD_10_cos', 'DDX_10_sin', 'DDX_10_cos', 'FF_SENSOR_10', 'FF_10M_STD_10', 'FX_SENSOR_10']",5,1,4,haar,64,5,same,1,relu,TRUE,5,FALSE,100,0.2,relu,Adam,0.020918961,0.08414883,0.056721289,8697,5045,1941.22,1
98,98,"['Q_GLOB_10', 'QN_GLOB_10', 'QX_GLOB_10', 'SQ_10']",5,1,4,haar,64,5,same,1,relu,TRUE,5,FALSE,100,0.2,relu,Adam,0.019162457,0.081000625,0.054394477,8690,5040,1893.34,1
99,99,"['FF_10M_10', 'DD_10_sin', 'DD_10_cos', 'DDN_10_sin', 'DDN_10_cos', 'DD_STD_10_sin', 'DD_STD_10_cos', 'DDX_10_sin', 'DDX_10_cos', 'FF_SENSOR_10', 'FF_10M_STD_10', 'FX_SENSOR_10', 'Q_GLOB_10', 'QN_GLOB_10', 'QX_GLOB_10', 'SQ_10']",5,1,4,haar,64,5,same,1,relu,TRUE,5,FALSE,100,0.2,relu,Adam,0.019277779,0.080911473,0.05442806,8670,5040,1985.86,1
100,100,[],7,1,0,haar,64,5,same,1,relu,TRUE,5,FALSE,100,0.2,relu,Adam,0.008914091,0.049010772,0.032330222,8710,5042,557.22,1
101,101,"['FF_10M_10', 'DD_10_sin', 'DD_10_cos', 'DDN_10_sin', 'DDN_10_cos', 'DD_STD_10_sin', 'DD_STD_10_cos', 'DDX_10_sin', 'DDX_10_cos', 'FF_SENSOR_10', 'FF_10M_STD_10', 'FX_SENSOR_10']",7,1,0,haar,64,5,same,1,relu,TRUE,5,FALSE,100,0.2,relu,Adam,0.009327077,0.052028954,0.034299473,8497,5029,609.82,1
102,102,"['Q_GLOB_10', 'QN_GLOB_10', 'QX_GLOB_10', 'SQ_10']",7,1,0,haar,64,5,same,1,relu,TRUE,5,FALSE,100,0.2,relu,Adam,0.007810964,0.04411254,0.028813442,8490,5022,566.71,1
103,103,"['FF_10M_10', 'DD_10_sin', 'DD_10_cos', 'DDN_10_sin', 'DDN_10_cos', 'DD_STD_10_sin', 'DD_STD_10_cos', 'DDX_10_sin', 'DDX_10_cos', 'FF_SENSOR_10', 'FF_10M_STD_10', 'FX_SENSOR_10', 'Q_GLOB_10', 'QN_GLOB_10', 'QX_GLOB_10', 'SQ_10']",7,1,0,haar,64,5,same,1,relu,TRUE,5,FALSE,100,0.2,relu,Adam,0.008287323,0.04700931,0.03094862,8468,5022,616.48,1
104,104,[],7,1,1,haar,64,5,same,1,relu,TRUE,5,FALSE,100,0.2,relu,Adam,0.009983011,0.053842036,0.035660984,8710,5042,898.21,1
105,105,"['FF_10M_10', 'DD_10_sin', 'DD_10_cos', 'DDN_10_sin', 'DDN_10_cos', 'DD_STD_10_sin', 'DD_STD_10_cos', 'DDX_10_sin', 'DDX_10_cos', 'FF_SENSOR_10', 'FF_10M_STD_10', 'FX_SENSOR_10']",7,1,1,haar,64,5,same,1,relu,TRUE,5,FALSE,100,0.2,relu,Adam,0.01045069,0.054865814,0.036348814,8497,5029,950.37,1
106,106,"['Q_GLOB_10', 'QN_GLOB_10', 'QX_GLOB_10', 'SQ_10']",7,1,1,haar,64,5,same,1,relu,TRUE,5,FALSE,100,0.2,relu,Adam,0.008689534,0.048207487,0.03158381,8490,5022,912.51,1
107,107,"['FF_10M_10', 'DD_10_sin', 'DD_10_cos', 'DDN_10_sin', 'DDN_10_cos', 'DD_STD_10_sin', 'DD_STD_10_cos', 'DDX_10_sin', 'DDX_10_cos', 'FF_SENSOR_10', 'FF_10M_STD_10', 'FX_SENSOR_10', 'Q_GLOB_10', 'QN_GLOB_10', 'QX_GLOB_10', 'SQ_10']",7,1,1,haar,64,5,same,1,relu,TRUE,5,FALSE,100,0.2,relu,Adam,0.009268422,0.050298753,0.033003155,8468,5022,962.81,1
108,108,[],7,1,2,haar,64,5,same,1,relu,TRUE,5,FALSE,100,0.2,relu,Adam,0.009805856,0.051737652,0.034082614,8710,5042,1256.57,1
109,109,"['FF_10M_10', 'DD_10_sin', 'DD_10_cos', 'DDN_10_sin', 'DDN_10_cos', 'DD_STD_10_sin', 'DD_STD_10_cos', 'DDX_10_sin', 'DDX_10_cos', 'FF_SENSOR_10', 'FF_10M_STD_10', 'FX_SENSOR_10']",7,1,2,haar,64,5,same,1,relu,TRUE,5,FALSE,100,0.2,relu,Adam,0.009940922,0.053037727,0.035008739,8497,5029,1313.92,1
110,110,"['Q_GLOB_10', 'QN_GLOB_10', 'QX_GLOB_10', 'SQ_10']",7,1,2,haar,64,5,same,1,relu,TRUE,5,FALSE,100,0.2,relu,Adam,0.008571065,0.048313077,0.031527723,8490,5022,1255.58,1
111,111,"['FF_10M_10', 'DD_10_sin', 'DD_10_cos', 'DDN_10_sin', 'DDN_10_cos', 'DD_STD_10_sin', 'DD_STD_10_cos', 'DDX_10_sin', 'DDX_10_cos', 'FF_SENSOR_10', 'FF_10M_STD_10', 'FX_SENSOR_10', 'Q_GLOB_10', 'QN_GLOB_10', 'QX_GLOB_10', 'SQ_10']",7,1,2,haar,64,5,same,1,relu,TRUE,5,FALSE,100,0.2,relu,Adam,0.008627827,0.04839567,0.031649175,8468,5022,1314.06,1
112,112,[],7,1,3,haar,64,5,same,1,relu,TRUE,5,FALSE,100,0.2,relu,Adam,0.020349821,0.083825207,0.056328176,8710,5042,1606.13,1
113,113,"['FF_10M_10', 'DD_10_sin', 'DD_10_cos', 'DDN_10_sin', 'DDN_10_cos', 'DD_STD_10_sin', 'DD_STD_10_cos', 'DDX_10_sin', 'DDX_10_cos', 'FF_SENSOR_10', 'FF_10M_STD_10', 'FX_SENSOR_10']",7,1,3,haar,64,5,same,1,relu,TRUE,5,FALSE,100,0.2,relu,Adam,0.020857765,0.084591494,0.056838905,8497,5029,1559.43,1
114,114,"['Q_GLOB_10', 'QN_GLOB_10', 'QX_GLOB_10', 'SQ_10']",7,1,3,haar,64,5,same,1,relu,TRUE,5,FALSE,100,0.2,relu,Adam,0.019223291,0.080982355,0.054298664,8490,5022,1617.93,1
115,115,"['FF_10M_10', 'DD_10_sin', 'DD_10_cos', 'DDN_10_sin', 'DDN_10_cos', 'DD_STD_10_sin', 'DD_STD_10_cos', 'DDX_10_sin', 'DDX_10_cos', 'FF_SENSOR_10', 'FF_10M_STD_10', 'FX_SENSOR_10', 'Q_GLOB_10', 'QN_GLOB_10', 'QX_GLOB_10', 'SQ_10']",7,1,3,haar,64,5,same,1,relu,TRUE,5,FALSE,100,0.2,relu,Adam,0.020038924,0.081936006,0.054998444,8468,5022,1680.9,1
116,116,[],7,1,4,haar,64,5,same,1,relu,TRUE,5,FALSE,100,0.2,relu,Adam,0.020609757,0.08383647,0.056455548,8710,5042,1944.67,1
117,117,"['FF_10M_10', 'DD_10_sin', 'DD_10_cos', 'DDN_10_sin', 'DDN_10_cos', 'DD_STD_10_sin', 'DD_STD_10_cos', 'DDX_10_sin', 'DDX_10_cos', 'FF_SENSOR_10', 'FF_10M_STD_10', 'FX_SENSOR_10']",7,1,4,haar,64,5,same,1,relu,TRUE,5,FALSE,100,0.2,relu,Adam,0.020572595,0.083541378,0.056356764,8497,5029,1862.31,1
118,118,"['Q_GLOB_10', 'QN_GLOB_10', 'QX_GLOB_10', 'SQ_10']",7,1,4,haar,64,5,same,1,relu,TRUE,5,FALSE,100,0.2,relu,Adam,0.019760148,0.083133912,0.055796929,8490,5022,1951.97,1
119,119,"['FF_10M_10', 'DD_10_sin', 'DD_10_cos', 'DDN_10_sin', 'DDN_10_cos', 'DD_STD_10_sin', 'DD_STD_10_cos', 'DDX_10_sin', 'DDX_10_cos', 'FF_SENSOR_10', 'FF_10M_STD_10', 'FX_SENSOR_10', 'Q_GLOB_10', 'QN_GLOB_10', 'QX_GLOB_10', 'SQ_10']",7,1,4,haar,64,5,same,1,relu,TRUE,5,FALSE,100,0.2,relu,Adam,0.019201671,0.08201182,0.055076063,8468,5022,2026.27,1
120,120,[],3,1,0,haar,64,5,same,1,relu,TRUE,5,FALSE,130,0.2,relu,Adam,0.008627281,0.04747526,0.03130388,9149,5070,462.16,1
121,121,"['FF_10M_10', 'DD_10_sin', 'DD_10_cos', 'DDN_10_sin', 'DDN_10_cos', 'DD_STD_10_sin', 'DD_STD_10_cos', 'DDX_10_sin', 'DDX_10_cos', 'FF_SENSOR_10', 'FF_10M_STD_10', 'FX_SENSOR_10']",3,1,0,haar,64,5,same,1,relu,TRUE,5,FALSE,130,0.2,relu,Adam,0.009044697,0.049704078,0.032848649,8944,5061,483.82,1
122,122,"['Q_GLOB_10', 'QN_GLOB_10', 'QX_GLOB_10', 'SQ_10']",3,1,0,haar,64,5,same,1,relu,TRUE,5,FALSE,130,0.2,relu,Adam,0.007634047,0.044877521,0.029278579,8937,5058,463.01,1
123,123,"['FF_10M_10', 'DD_10_sin', 'DD_10_cos', 'DDN_10_sin', 'DDN_10_cos', 'DD_STD_10_sin', 'DD_STD_10_cos', 'DDX_10_sin', 'DDX_10_cos', 'FF_SENSOR_10', 'FF_10M_STD_10', 'FX_SENSOR_10', 'Q_GLOB_10', 'QN_GLOB_10', 'QX_GLOB_10', 'SQ_10']",3,1,0,haar,64,5,same,1,relu,TRUE,5,FALSE,130,0.2,relu,Adam,0.007738181,0.045712481,0.029936612,8919,5058,492.32,1
124,124,[],3,1,1,haar,64,5,same,1,relu,TRUE,5,FALSE,130,0.2,relu,Adam,0.009118514,0.0477622,0.031526592,9149,5070,821.18,1
125,125,"['FF_10M_10', 'DD_10_sin', 'DD_10_cos', 'DDN_10_sin', 'DDN_10_cos', 'DD_STD_10_sin', 'DD_STD_10_cos', 'DDX_10_sin', 'DDX_10_cos', 'FF_SENSOR_10', 'FF_10M_STD_10', 'FX_SENSOR_10']",3,1,1,haar,64,5,same,1,relu,TRUE,5,FALSE,130,0.2,relu,Adam,0.00901268,0.048061407,0.031722075,8944,5061,843.21,1
126,126,"['Q_GLOB_10', 'QN_GLOB_10', 'QX_GLOB_10', 'SQ_10']",3,1,1,haar,64,5,same,1,relu,TRUE,5,FALSE,130,0.2,relu,Adam,0.007653328,0.046284651,0.030112285,8937,5058,801.48,1
127,127,"['FF_10M_10', 'DD_10_sin', 'DD_10_cos', 'DDN_10_sin', 'DDN_10_cos', 'DD_STD_10_sin', 'DD_STD_10_cos', 'DDX_10_sin', 'DDX_10_cos', 'FF_SENSOR_10', 'FF_10M_STD_10', 'FX_SENSOR_10', 'Q_GLOB_10', 'QN_GLOB_10', 'QX_GLOB_10', 'SQ_10']",3,1,1,haar,64,5,same,1,relu,TRUE,5,FALSE,130,0.2,relu,Adam,0.00761173,0.045196817,0.029415201,8919,5058,853.57,1
128,128,[],3,1,2,haar,64,5,same,1,relu,TRUE,5,FALSE,130,0.2,relu,Adam,0.009422617,0.050278355,0.033015925,9149,5070,1217.37,1
129,129,"['FF_10M_10', 'DD_10_sin', 'DD_10_cos', 'DDN_10_sin', 'DDN_10_cos', 'DD_STD_10_sin', 'DD_STD_10_cos', 'DDX_10_sin', 'DDX_10_cos', 'FF_SENSOR_10', 'FF_10M_STD_10', 'FX_SENSOR_10']",3,1,2,haar,64,5,same,1,relu,TRUE,5,FALSE,130,0.2,relu,Adam,0.009827564,0.050555519,0.033342298,8944,5061,1229.36,1
130,130,"['Q_GLOB_10', 'QN_GLOB_10', 'QX_GLOB_10', 'SQ_10']",3,1,2,haar,64,5,same,1,relu,TRUE,5,FALSE,130,0.2,relu,Adam,0.008131871,0.047749979,0.031021298,8937,5058,1203.51,1
131,131,"['FF_10M_10', 'DD_10_sin', 'DD_10_cos', 'DDN_10_sin', 'DDN_10_cos', 'DD_STD_10_sin', 'DD_STD_10_cos', 'DDX_10_sin', 'DDX_10_cos', 'FF_SENSOR_10', 'FF_10M_STD_10', 'FX_SENSOR_10', 'Q_GLOB_10', 'QN_GLOB_10', 'QX_GLOB_10', 'SQ_10']",3,1,2,haar,64,5,same,1,relu,TRUE,5,FALSE,130,0.2,relu,Adam,0.008331155,0.047876355,0.031093317,8919,5058,1226.79,1
132,132,[],3,1,3,haar,64,5,same,1,relu,TRUE,5,FALSE,130,0.2,relu,Adam,0.021428249,0.090188285,0.060622744,9149,5070,1559.27,1
133,133,"['FF_10M_10', 'DD_10_sin', 'DD_10_cos', 'DDN_10_sin', 'DDN_10_cos', 'DD_STD_10_sin', 'DD_STD_10_cos', 'DDX_10_sin', 'DDX_10_cos', 'FF_SENSOR_10', 'FF_10M_STD_10', 'FX_SENSOR_10']",3,1,3,haar,64,5,same,1,relu,TRUE,5,FALSE,130,0.2,relu,Adam,0.020814352,0.085602776,0.057646679,8944,5061,1553.52,1
134,134,"['Q_GLOB_10', 'QN_GLOB_10', 'QX_GLOB_10', 'SQ_10']",3,1,3,haar,64,5,same,1,relu,TRUE,5,FALSE,130,0.2,relu,Adam,0.019243568,0.086334138,0.05793436,8937,5058,1538.75,1
135,135,"['FF_10M_10', 'DD_10_sin', 'DD_10_cos', 'DDN_10_sin', 'DDN_10_cos', 'DD_STD_10_sin', 'DD_STD_10_cos', 'DDX_10_sin', 'DDX_10_cos', 'FF_SENSOR_10', 'FF_10M_STD_10', 'FX_SENSOR_10', 'Q_GLOB_10', 'QN_GLOB_10', 'QX_GLOB_10', 'SQ_10']",3,1,3,haar,64,5,same,1,relu,TRUE,5,FALSE,130,0.2,relu,Adam,0.020239615,0.088993476,0.059733194,8919,5058,1576.36,1
136,136,[],3,1,4,haar,64,5,same,1,relu,TRUE,5,FALSE,130,0.2,relu,Adam,0.020190989,0.084103212,0.056722672,9149,5070,1964.45,1
137,137,"['FF_10M_10', 'DD_10_sin', 'DD_10_cos', 'DDN_10_sin', 'DDN_10_cos', 'DD_STD_10_sin', 'DD_STD_10_cos', 'DDX_10_sin', 'DDX_10_cos', 'FF_SENSOR_10', 'FF_10M_STD_10', 'FX_SENSOR_10']",3,1,4,haar,64,5,same,1,relu,TRUE,5,FALSE,130,0.2,relu,Adam,0.021157581,0.085060224,0.057345249,8944,5061,1917.08,1
138,138,"['Q_GLOB_10', 'QN_GLOB_10', 'QX_GLOB_10', 'SQ_10']",3,1,4,haar,64,5,same,1,relu,TRUE,5,FALSE,130,0.2,relu,Adam,0.01918194,0.082415476,0.055443601,8937,5058,2093.5,1
139,139,"['FF_10M_10', 'DD_10_sin', 'DD_10_cos', 'DDN_10_sin', 'DDN_10_cos', 'DD_STD_10_sin', 'DD_STD_10_cos', 'DDX_10_sin', 'DDX_10_cos', 'FF_SENSOR_10', 'FF_10M_STD_10', 'FX_SENSOR_10', 'Q_GLOB_10', 'QN_GLOB_10', 'QX_GLOB_10', 'SQ_10']",3,1,4,haar,64,5,same,1,relu,TRUE,5,FALSE,130,0.2,relu,Adam,0.020311657,0.087215282,0.058796584,8919,5058,1989.08,1
140,140,[],5,1,0,haar,64,5,same,1,relu,TRUE,5,FALSE,130,0.2,relu,Adam,0.008986743,0.048543507,0.032130698,8905,5056,510.69,1
141,141,"['FF_10M_10', 'DD_10_sin', 'DD_10_cos', 'DDN_10_sin', 'DDN_10_cos', 'DD_STD_10_sin', 'DD_STD_10_cos', 'DDX_10_sin', 'DDX_10_cos', 'FF_SENSOR_10', 'FF_10M_STD_10', 'FX_SENSOR_10']",5,1,0,haar,64,5,same,1,relu,TRUE,5,FALSE,130,0.2,relu,Adam,0.009000485,0.048623635,0.032019156,8697,5045,552.3,1
142,142,"['Q_GLOB_10', 'QN_GLOB_10', 'QX_GLOB_10', 'SQ_10']",5,1,0,haar,64,5,same,1,relu,TRUE,5,FALSE,130,0.2,relu,Adam,0.007739351,0.04430238,0.02903971,8690,5040,520.39,1
143,143,"['FF_10M_10', 'DD_10_sin', 'DD_10_cos', 'DDN_10_sin', 'DDN_10_cos', 'DD_STD_10_sin', 'DD_STD_10_cos', 'DDX_10_sin', 'DDX_10_cos', 'FF_SENSOR_10', 'FF_10M_STD_10', 'FX_SENSOR_10', 'Q_GLOB_10', 'QN_GLOB_10', 'QX_GLOB_10', 'SQ_10']",5,1,0,haar,64,5,same,1,relu,TRUE,5,FALSE,130,0.2,relu,Adam,0.007865356,0.045700678,0.029927505,8670,5040,570.64,1
144,144,[],5,1,1,haar,64,5,same,1,relu,TRUE,5,FALSE,130,0.2,relu,Adam,0.009072201,0.048369571,0.031881411,8905,5056,889.02,1
145,145,"['FF_10M_10', 'DD_10_sin', 'DD_10_cos', 'DDN_10_sin', 'DDN_10_cos', 'DD_STD_10_sin', 'DD_STD_10_cos', 'DDX_10_sin', 'DDX_10_cos', 'FF_SENSOR_10', 'FF_10M_STD_10', 'FX_SENSOR_10']",5,1,1,haar,64,5,same,1,relu,TRUE,5,FALSE,130,0.2,relu,Adam,0.009444738,0.050299131,0.033269605,8697,5045,918.5,1
146,146,"['Q_GLOB_10', 'QN_GLOB_10', 'QX_GLOB_10', 'SQ_10']",5,1,1,haar,64,5,same,1,relu,TRUE,5,FALSE,130,0.2,relu,Adam,0.0081329,0.049716181,0.032568481,8690,5040,848.41,1
147,147,"['FF_10M_10', 'DD_10_sin', 'DD_10_cos', 'DDN_10_sin', 'DDN_10_cos', 'DD_STD_10_sin', 'DD_STD_10_cos', 'DDX_10_sin', 'DDX_10_cos', 'FF_SENSOR_10', 'FF_10M_STD_10', 'FX_SENSOR_10', 'Q_GLOB_10', 'QN_GLOB_10', 'QX_GLOB_10', 'SQ_10']",5,1,1,haar,64,5,same,1,relu,TRUE,5,FALSE,130,0.2,relu,Adam,0.007721073,0.045523079,0.029650599,8670,5040,904.66,1
148,148,[],5,1,2,haar,64,5,same,1,relu,TRUE,5,FALSE,130,0.2,relu,Adam,0.009819228,0.051607171,0.034016997,8905,5056,1219.2,1
149,149,"['FF_10M_10', 'DD_10_sin', 'DD_10_cos', 'DDN_10_sin', 'DDN_10_cos', 'DD_STD_10_sin', 'DD_STD_10_cos', 'DDX_10_sin', 'DDX_10_cos', 'FF_SENSOR_10', 'FF_10M_STD_10', 'FX_SENSOR_10']",5,1,2,haar,64,5,same,1,relu,TRUE,5,FALSE,130,0.2,relu,Adam,0.01012275,0.052551643,0.034761761,8697,5045,1248.57,1
150,150,"['Q_GLOB_10', 'QN_GLOB_10', 'QX_GLOB_10', 'SQ_10']",5,1,2,haar,64,5,same,1,relu,TRUE,5,FALSE,130,0.2,relu,Adam,0.008560551,0.048334366,0.031469989,8690,5040,1177.69,1
151,151,"['FF_10M_10', 'DD_10_sin', 'DD_10_cos', 'DDN_10_sin', 'DDN_10_cos', 'DD_STD_10_sin', 'DD_STD_10_cos', 'DDX_10_sin', 'DDX_10_cos', 'FF_SENSOR_10', 'FF_10M_STD_10', 'FX_SENSOR_10', 'Q_GLOB_10', 'QN_GLOB_10', 'QX_GLOB_10', 'SQ_10']",5,1,2,haar,64,5,same,1,relu,TRUE,5,FALSE,130,0.2,relu,Adam,0.00839792,0.0472476,0.030845786,8670,5040,1242.33,1
152,152,[],5,1,3,haar,64,5,same,1,relu,TRUE,5,FALSE,130,0.2,relu,Adam,0.020530656,0.082963229,0.055709642,8905,5056,1513.9,1
153,153,"['FF_10M_10', 'DD_10_sin', 'DD_10_cos', 'DDN_10_sin', 'DDN_10_cos', 'DD_STD_10_sin', 'DD_STD_10_cos', 'DDX_10_sin', 'DDX_10_cos', 'FF_SENSOR_10', 'FF_10M_STD_10', 'FX_SENSOR_10']",5,1,3,haar,64,5,same,1,relu,TRUE,5,FALSE,130,0.2,relu,Adam,0.020473533,0.08344029,0.05609581,8697,5045,1652.38,1
154,154,"['Q_GLOB_10', 'QN_GLOB_10', 'QX_GLOB_10', 'SQ_10']",5,1,3,haar,64,5,same,1,relu,TRUE,5,FALSE,130,0.2,relu,Adam,0.018624702,0.081066826,0.054286849,8690,5040,1576.42,1
155,155,"['FF_10M_10', 'DD_10_sin', 'DD_10_cos', 'DDN_10_sin', 'DDN_10_cos', 'DD_STD_10_sin', 'DD_STD_10_cos', 'DDX_10_sin', 'DDX_10_cos', 'FF_SENSOR_10', 'FF_10M_STD_10', 'FX_SENSOR_10', 'Q_GLOB_10', 'QN_GLOB_10', 'QX_GLOB_10', 'SQ_10']",5,1,3,haar,64,5,same,1,relu,TRUE,5,FALSE,130,0.2,relu,Adam,0.019042401,0.080573904,0.05388556,8670,5040,1621.01,1
156,156,[],5,1,4,haar,64,5,same,1,relu,TRUE,5,FALSE,130,0.2,relu,Adam,0.020688897,0.084029495,0.056544462,8905,5056,1823.46,1
157,157,"['FF_10M_10', 'DD_10_sin', 'DD_10_cos', 'DDN_10_sin', 'DDN_10_cos', 'DD_STD_10_sin', 'DD_STD_10_cos', 'DDX_10_sin', 'DDX_10_cos', 'FF_SENSOR_10', 'FF_10M_STD_10', 'FX_SENSOR_10']",5,1,4,haar,64,5,same,1,relu,TRUE,5,FALSE,130,0.2,relu,Adam,0.020379358,0.084083935,0.056732548,8697,5045,1957.94,1
158,158,"['Q_GLOB_10', 'QN_GLOB_10', 'QX_GLOB_10', 'SQ_10']",5,1,4,haar,64,5,same,1,relu,TRUE,5,FALSE,130,0.2,relu,Adam,0.019168808,0.081006217,0.054359765,8690,5040,1929.12,1
159,159,"['FF_10M_10', 'DD_10_sin', 'DD_10_cos', 'DDN_10_sin', 'DDN_10_cos', 'DD_STD_10_sin', 'DD_STD_10_cos', 'DDX_10_sin', 'DDX_10_cos', 'FF_SENSOR_10', 'FF_10M_STD_10', 'FX_SENSOR_10', 'Q_GLOB_10', 'QN_GLOB_10', 'QX_GLOB_10', 'SQ_10']",5,1,4,haar,64,5,same,1,relu,TRUE,5,FALSE,130,0.2,relu,Adam,0.019384184,0.081650358,0.054804384,8670,5040,1994.6,1
160,160,[],7,1,0,haar,64,5,same,1,relu,TRUE,5,FALSE,130,0.2,relu,Adam,0.009229092,0.050071765,0.033061247,8710,5042,581.36,1
161,161,"['FF_10M_10', 'DD_10_sin', 'DD_10_cos', 'DDN_10_sin', 'DDN_10_cos', 'DD_STD_10_sin', 'DD_STD_10_cos', 'DDX_10_sin', 'DDX_10_cos', 'FF_SENSOR_10', 'FF_10M_STD_10', 'FX_SENSOR_10']",7,1,0,haar,64,5,same,1,relu,TRUE,5,FALSE,130,0.2,relu,Adam,0.009283083,0.050429411,0.033360354,8497,5029,640.61,1
162,162,"['Q_GLOB_10', 'QN_GLOB_10', 'QX_GLOB_10', 'SQ_10']",7,1,0,haar,64,5,same,1,relu,TRUE,5,FALSE,130,0.2,relu,Adam,0.008040625,0.045251212,0.029619396,8490,5022,596.57,1
163,163,"['FF_10M_10', 'DD_10_sin', 'DD_10_cos', 'DDN_10_sin', 'DDN_10_cos', 'DD_STD_10_sin', 'DD_STD_10_cos', 'DDX_10_sin', 'DDX_10_cos', 'FF_SENSOR_10', 'FF_10M_STD_10', 'FX_SENSOR_10', 'Q_GLOB_10', 'QN_GLOB_10', 'QX_GLOB_10', 'SQ_10']",7,1,0,haar,64,5,same,1,relu,TRUE,5,FALSE,130,0.2,relu,Adam,0.008153478,0.045794317,0.03003499,8468,5022,648.81,1
164,164,[],7,1,1,haar,64,5,same,1,relu,TRUE,5,FALSE,130,0.2,relu,Adam,0.009700448,0.051041452,0.033765881,8710,5042,899.14,1
165,165,"['FF_10M_10', 'DD_10_sin', 'DD_10_cos', 'DDN_10_sin', 'DDN_10_cos', 'DD_STD_10_sin', 'DD_STD_10_cos', 'DDX_10_sin', 'DDX_10_cos', 'FF_SENSOR_10', 'FF_10M_STD_10', 'FX_SENSOR_10']",7,1,1,haar,64,5,same,1,relu,TRUE,5,FALSE,130,0.2,relu,Adam,0.010455934,0.055092157,0.036464511,8497,5029,950.64,1
166,166,"['Q_GLOB_10', 'QN_GLOB_10', 'QX_GLOB_10', 'SQ_10']",7,1,1,haar,64,5,same,1,relu,TRUE,5,FALSE,130,0.2,relu,Adam,0.008609956,0.051165379,0.033391872,8490,5022,919.23,1
167,167,"['FF_10M_10', 'DD_10_sin', 'DD_10_cos', 'DDN_10_sin', 'DDN_10_cos', 'DD_STD_10_sin', 'DD_STD_10_cos', 'DDX_10_sin', 'DDX_10_cos', 'FF_SENSOR_10', 'FF_10M_STD_10', 'FX_SENSOR_10', 'Q_GLOB_10', 'QN_GLOB_10', 'QX_GLOB_10', 'SQ_10']",7,1,1,haar,64,5,same,1,relu,TRUE,5,FALSE,130,0.2,relu,Adam,0.008893426,0.050813289,0.033309116,8468,5022,971.98,1
168,168,[],7,1,2,haar,64,5,same,1,relu,TRUE,5,FALSE,130,0.2,relu,Adam,0.010064327,0.052162336,0.034472024,8710,5042,1250.87,1
169,169,"['FF_10M_10', 'DD_10_sin', 'DD_10_cos', 'DDN_10_sin', 'DDN_10_cos', 'DD_STD_10_sin', 'DD_STD_10_cos', 'DDX_10_sin', 'DDX_10_cos', 'FF_SENSOR_10', 'FF_10M_STD_10', 'FX_SENSOR_10']",7,1,2,haar,64,5,same,1,relu,TRUE,5,FALSE,130,0.2,relu,Adam,0.010192488,0.053042792,0.035111164,8497,5029,1307.33,1
170,170,"['Q_GLOB_10', 'QN_GLOB_10', 'QX_GLOB_10', 'SQ_10']",7,1,2,haar,64,5,same,1,relu,TRUE,5,FALSE,130,0.2,relu,Adam,0.00884377,0.05076469,0.033222412,8490,5022,1270.92,1
171,171,"['FF_10M_10', 'DD_10_sin', 'DD_10_cos', 'DDN_10_sin', 'DDN_10_cos', 'DD_STD_10_sin', 'DD_STD_10_cos', 'DDX_10_sin', 'DDX_10_cos', 'FF_SENSOR_10', 'FF_10M_STD_10', 'FX_SENSOR_10', 'Q_GLOB_10', 'QN_GLOB_10', 'QX_GLOB_10', 'SQ_10']",7,1,2,haar,64,5,same,1,relu,TRUE,5,FALSE,130,0.2,relu,Adam,0.008937165,0.048814308,0.031996516,8468,5022,1349.77,1
172,172,[],7,1,3,haar,64,5,same,1,relu,TRUE,5,FALSE,130,0.2,relu,Adam,0.021183042,0.084739763,0.056918108,8710,5042,1634,1
173,173,"['FF_10M_10', 'DD_10_sin', 'DD_10_cos', 'DDN_10_sin', 'DDN_10_cos', 'DD_STD_10_sin', 'DD_STD_10_cos', 'DDX_10_sin', 'DDX_10_cos', 'FF_SENSOR_10', 'FF_10M_STD_10', 'FX_SENSOR_10']",7,1,3,haar,64,5,same,1,relu,TRUE,5,FALSE,130,0.2,relu,Adam,0.020626024,0.084222798,0.056577693,8497,5029,1587.35,1
174,174,"['Q_GLOB_10', 'QN_GLOB_10', 'QX_GLOB_10', 'SQ_10']",7,1,3,haar,64,5,same,1,relu,TRUE,5,FALSE,130,0.2,relu,Adam,0.01937857,0.080774262,0.05413332,8490,5022,1619.09,1
175,175,"['FF_10M_10', 'DD_10_sin', 'DD_10_cos', 'DDN_10_sin', 'DDN_10_cos', 'DD_STD_10_sin', 'DD_STD_10_cos', 'DDX_10_sin', 'DDX_10_cos', 'FF_SENSOR_10', 'FF_10M_STD_10', 'FX_SENSOR_10', 'Q_GLOB_10', 'QN_GLOB_10', 'QX_GLOB_10', 'SQ_10']",7,1,3,haar,64,5,same,1,relu,TRUE,5,FALSE,130,0.2,relu,Adam,0.019776756,0.082250329,0.055160372,8468,5022,1672.56,1
176,176,[],7,1,4,haar,64,5,same,1,relu,TRUE,5,FALSE,130,0.2,relu,Adam,0.019791652,0.083374557,0.056202774,8710,5042,1975.52,1
177,177,"['FF_10M_10', 'DD_10_sin', 'DD_10_cos', 'DDN_10_sin', 'DDN_10_cos', 'DD_STD_10_sin', 'DD_STD_10_cos', 'DDX_10_sin', 'DDX_10_cos', 'FF_SENSOR_10', 'FF_10M_STD_10', 'FX_SENSOR_10']",7,1,4,haar,64,5,same,1,relu,TRUE,5,FALSE,130,0.2,relu,Adam,0.020648274,0.084529886,0.056965391,8497,5029,1909.47,1
178,178,"['Q_GLOB_10', 'QN_GLOB_10', 'QX_GLOB_10', 'SQ_10']",7,1,4,haar,64,5,same,1,relu,TRUE,5,FALSE,130,0.2,relu,Adam,0.019518339,0.08223313,0.055253397,8490,5022,1983.91,1
179,179,"['FF_10M_10', 'DD_10_sin', 'DD_10_cos', 'DDN_10_sin', 'DDN_10_cos', 'DD_STD_10_sin', 'DD_STD_10_cos', 'DDX_10_sin', 'DDX_10_cos', 'FF_SENSOR_10', 'FF_10M_STD_10', 'FX_SENSOR_10', 'Q_GLOB_10', 'QN_GLOB_10', 'QX_GLOB_10', 'SQ_10']",7,1,4,haar,64,5,same,1,relu,TRUE,5,FALSE,130,0.2,relu,Adam,0.01964215,0.081810102,0.055015028,8468,5022,2025.34,1
